model_name,provider,cost_usd_1m,speed_tok_s,latency_s,context_window,source,avg_score,ifeval,bbh,math_score,gpqa,musr,mmlu_pro,params_b,architecture,accuracy,cost_efficiency,speed_efficiency,composite_score,tag
GPT-5.2 (xhigh),OpenAI,4.81,100,44.29,400k,ArtificialAnalysis,,,,,,,,,,51.0,10.602910600706256,2.2578460148508053,67.86402832412256,High-Performance
Claude Opus 4.5,Anthropic,10.0,79,1.7,200k,ArtificialAnalysis,,,,,,,,,,49.0,4.89999999951,46.47058820795848,60.07590934564655,Balanced
Gemini 3 Pro Preview (high),Google,4.5,128,32.19,1m,ArtificialAnalysis,,,,,,,,,,48.0,10.666666664296296,3.976390183163207,68.8774014367192,High-Performance
GPT-5.1 (high),OpenAI,3.44,127,26.5,400k,ArtificialAnalysis,,,,,,,,,,47.0,13.662790693702677,4.792452830007832,71.61823035236894,High-Performance
Gemini 3 Flash,Google,1.13,224,11.62,1m,ArtificialAnalysis,,,,,,,,,,46.0,40.707964565745165,19.27710843207598,81.78319128368904,High-Performance
GPT-5.2 (medium),OpenAI,4.81,0,0.0,400k,ArtificialAnalysis,,,,,,,,,,45.0,9.355509353564344,0.0,67.64166666666667,Fast
Claude Opus 4.5,Anthropic,10.0,72,1.96,200k,ArtificialAnalysis,,,,,,,,,,43.0,4.29999999957,36.73469385880883,54.50565329429148,Balanced
Claude 4.5 Sonnet,Anthropic,6.0,80,1.6,1m,ArtificialAnalysis,,,,,,,,,,42.0,6.999999998833333,49.99999996875,63.898657399586526,High-Performance
GLM-4.7,Z AI,0.94,78,0.61,200k,ArtificialAnalysis,,,,,,,,,,42.0,44.68085101629697,127.86885224939533,76.66931767904691,High-Performance
GPT-5.1 Codex (high),OpenAI,3.44,190,17.8,400k,ArtificialAnalysis,,,,,,,,,,42.0,12.20930232203218,10.674157302771114,70.43165447949096,High-Performance
Grok 4,xAI,6.0,36,6.34,256k,ArtificialAnalysis,,,,,,,,,,41.0,6.833333332194444,5.678233437590184,60.97090469333634,Balanced
DeepSeek V3.2,DeepSeek,0.32,31,1.41,128k,ArtificialAnalysis,,,,,,,,,,41.0,128.12499959960937,21.9858155872441,75.90703021722402,High-Performance
o3,OpenAI,3.5,264,12.44,200k,ArtificialAnalysis,,,,,,,,,,22.0,6.2857142839183675,21.221864950062553,55.47064714037106,Balanced
GPT-5 mini (high),OpenAI,0.69,72,113.01,400k,ArtificialAnalysis,,,,,,,,,,41.0,59.42028976895611,0.6371117600155993,56.34974747474748,Balanced
Gemini 3 Pro Preview (low),Google,4.5,133,4.04,1m,ArtificialAnalysis,,,,,,,,,,41.0,9.11111110908642,32.92079207105921,67.77340286324889,High-Performance
Kimi K2 Thinking,Kimi,1.07,84,0.62,256k,ArtificialAnalysis,,,,,,,,,,40.0,37.3831775351559,135.48387074921956,74.72840651001655,High-Performance
MiniMax-M2.1,MiniMax,0.53,71,1.79,205k,ArtificialAnalysis,,,,,,,,,,39.0,73.58490552153792,39.66480444711463,74.62791084457531,High-Performance
MiMo-V2-Flash,Xiaomi,0.15,112,1.67,256k,ArtificialAnalysis,,,,,,,,,,39.0,259.9999982666667,67.06586822331386,76.7173297214245,High-Performance
Grok 4.1 Fast,xAI,0.28,150,6.15,2m,ArtificialAnalysis,,,,,,,,,,38.0,135.7142852295918,24.39024389847313,75.74695427865058,High-Performance
GPT-5.1 Codex mini (high),OpenAI,0.69,174,8.53,400k,ArtificialAnalysis,,,,,,,,,,38.0,55.072463688300786,20.398593198077542,74.95529806962645,High-Performance
Claude 4.5 Sonnet,Anthropic,6.0,72,1.51,1m,ArtificialAnalysis,,,,,,,,,,37.0,6.166666665638889,47.68211917372045,59.251958930960804,Balanced
Claude 4.5 Haiku,Anthropic,2.0,116,0.46,200k,ArtificialAnalysis,,,,,,,,,,37.0,18.49999999075,252.17391249527407,70.63778319430033,High-Performance
KAT-Coder-Pro V1,KwaiKAT,0.0,62,1.09,256k,ArtificialAnalysis,,,,,,,,,,36.0,36000000000.0,56.88073389276996,73.16467247468044,Budget-Friendly
MiniMax-M2,MiniMax,0.53,108,1.28,205k,ArtificialAnalysis,,,,,,,,,,36.0,67.92452817372731,84.37499993408203,73.06059258633589,High-Performance
Nova 2.0 Pro Preview (medium),Amazon,3.44,133,21.03,256k,ArtificialAnalysis,,,,,,,,,,35.0,10.174418601693484,6.324298620716866,62.08325597359311,Balanced
Gemini 3 Flash,Google,1.13,196,0.74,1m,ArtificialAnalysis,,,,,,,,,,35.0,30.973451300023495,264.8648645069394,73.16727046145019,High-Performance
Grok 4 Fast,xAI,0.28,179,4.11,2m,ArtificialAnalysis,,,,,,,,,,35.0,124.9999995535714,43.552311424926444,74.23222670023839,High-Performance
Gemini 2.5 Pro,Google,3.44,160,32.99,1m,ArtificialAnalysis,,,,,,,,,,34.0,9.883720927359384,4.849954531529253,59.81410387388618,Balanced
DeepSeek V3.2 Speciale,DeepSeek,0.42,0,0.0,128k,ArtificialAnalysis,,,,,,,,,,22.0,52.38095225623583,0.0,58.172222222222224,Fast
GLM-4.7,Z AI,0.94,75,0.64,200k,ArtificialAnalysis,,,,,,,,,,34.0,36.1702127274785,117.18749981689453,69.47107912145079,High-Performance
DeepSeek V3.1 Terminus,DeepSeek,0.8,0,0.0,128k,ArtificialAnalysis,,,,,,,,,,33.0,41.2499999484375,0.0,67.0,Fast
Doubao Seed Code,ByteDance Seed,0.41,0,0.0,256k,ArtificialAnalysis,,,,,,,,,,33.0,80.48780468173706,0.0,67.97500000000001,Fast
GPT-5.2,OpenAI,4.81,74,0.53,400k,ArtificialAnalysis,,,,,,,,,,33.0,6.860706859280519,139.62264124599503,58.89938480906759,Balanced
gpt-oss-120B (high),OpenAI,0.26,366,0.41,131k,ArtificialAnalysis,,,,,,,,,,33.0,126.92307643491122,892.6829246519928,78.25925823137132,High-Performance
Qwen3 Max Thinking,Alibaba,2.4,35,1.74,262k,ArtificialAnalysis,,,,,,,,,,32.0,13.333333327777778,20.11494251717532,62.75771921497964,Balanced
Grok 3 mini Reasoning (high),xAI,0.35,192,0.7,1m,ArtificialAnalysis,,,,,,,,,,32.0,91.42857116734695,274.2857138938776,72.34859190524841,High-Performance
Nova 2.0 Pro Preview (low),Amazon,3.44,134,12.47,256k,ArtificialAnalysis,,,,,,,,,,32.0,9.302325578691184,10.745789894888068,60.95877221913856,Balanced
K-EXAONE,LG AI Research,0.0,114,0.31,256k,ArtificialAnalysis,,,,,,,,,,32.0,31999999999.999996,367.74193429760663,71.16533961864464,Budget-Friendly
DeepSeek V3.2,DeepSeek,0.32,30,1.24,128k,ArtificialAnalysis,,,,,,,,,,32.0,99.9999996875,24.193548367585848,67.90984332306338,High-Performance
Qwen3 Max,Alibaba,2.4,26,1.85,262k,ArtificialAnalysis,,,,,,,,,,31.0,12.916666661284722,14.054054046457267,61.60390847685777,Balanced
Claude 4.5 Haiku,Anthropic,2.0,106,0.42,200k,ArtificialAnalysis,,,,,,,,,,30.0,14.9999999925,252.38095178004534,64.1499127189066,High-Performance
MiMo-V2-Flash,Xiaomi,0.15,90,1.74,256k,ArtificialAnalysis,,,,,,,,,,30.0,199.99999866666667,51.72413790130796,68.10494143720186,High-Performance
Nova 2.0 Lite (medium),Amazon,0.85,254,15.06,1m,ArtificialAnalysis,,,,,,,,,,30.0,35.294117605536336,16.86586985279775,68.47035519785055,High-Performance
Qwen3 235B A22B 2507,Alibaba,2.63,83,1.22,256k,ArtificialAnalysis,,,,,,,,,,29.0,11.02661596538912,68.03278682948132,60.917170711629176,Balanced
ERNIE 5.0 Thinking Preview,Baidu,1.47,0,0.0,128k,ArtificialAnalysis,,,,,,,,,,29.0,19.72789114304225,0.0,61.76944444444445,Fast
Qwen3 VL 32B,Alibaba,2.63,48,1.07,256k,ArtificialAnalysis,,,,,,,,,,22.0,8.365019008226229,44.859813042187085,53.7669493581957,Balanced
DeepSeek V3.1 Terminus,DeepSeek,0.8,0,0.0,128k,ArtificialAnalysis,,,,,,,,,,28.0,34.99999995625,0.0,62.555555555555564,Fast
Nova 2.0 Omni (medium),Amazon,0.85,0,0.0,1m,ArtificialAnalysis,,,,,,,,,,28.0,32.94117643183391,0.0,62.430555555555564,Fast
Kimi K2 0905,Kimi,1.2,52,0.57,256k,ArtificialAnalysis,,,,,,,,,,28.0,23.33333331388889,91.22807001538936,62.87286134506734,High-Performance
Apriel-v1.6-15B-Thinker,ServiceNow,0.0,148,0.28,128k,ArtificialAnalysis,,,,,,,,,,28.0,28000000000.0,528.5714266836734,68.54236605502865,Budget-Friendly
Qwen3 VL 235B A22B,Alibaba,2.63,43,1.11,262k,ArtificialAnalysis,,,,,,,,,,27.0,10.266159691914007,38.73873870383897,58.067951146720716,Balanced
Magistral Medium 1.2,Mistral,2.75,36,0.48,128k,ArtificialAnalysis,,,,,,,,,,27.0,9.81818181461157,74.99999984375,57.68853661381536,Balanced
DeepSeek R1 0528,DeepSeek,2.36,0,0.0,128k,ArtificialAnalysis,,,,,,,,,,27.0,11.44067796125395,0.0,57.76666666666668,Fast
GPT-5 nano (high),OpenAI,0.14,119,111.22,400k,ArtificialAnalysis,,,,,,,,,,27.0,192.85714147959183,1.0699514475717502,46.878907337242886,Balanced
Qwen3 Next 80B A3B,Alibaba,1.88,177,1.07,262k,ArtificialAnalysis,,,,,,,,,,27.0,14.361702120020372,165.42056059306486,63.604575620821976,High-Performance
Grok Code Fast 1,xAI,0.53,209,8.78,256k,ArtificialAnalysis,,,,,,,,,,22.0,41.50943388394447,23.80410022507926,62.043377429725986,Balanced
Nova 2.0 Lite (low),Amazon,0.85,237,7.34,1m,ArtificialAnalysis,,,,,,,,,,25.0,29.411764671280277,32.288828333475635,64.92852516403751,High-Performance
Qwen3 Coder 480B,Alibaba,3.0,48,1.72,262k,ArtificialAnalysis,,,,,,,,,,25.0,8.333333330555556,27.90697672796106,55.39358195708076,Balanced
gpt-oss-20B (high),OpenAI,0.1,254,0.47,131k,ArtificialAnalysis,,,,,,,,,,25.0,249.9999975,540.425530765052,68.48298313638107,High-Performance
NVIDIA Nemotron 3 Nano,NVIDIA,0.1,177,0.31,1m,ArtificialAnalysis,,,,,,,,,,25.0,249.9999975,570.9677400936524,66.41129921460424,High-Performance
Qwen3 235B 2507,Alibaba,1.23,40,1.08,256k,ArtificialAnalysis,,,,,,,,,,24.0,19.512195106087646,37.03703700274348,58.82477556290272,Balanced
HyperCLOVA X SEED Think (32B),Naver,0.0,0,0.0,128k,ArtificialAnalysis,,,,,,,,,,24.0,24000000000.0,0.0,61.00000000000001,Fast
Motif-2-12.7B,Motif Technologies,0.0,0,0.0,128k,ArtificialAnalysis,,,,,,,,,,22.0,22000000000.0,0.0,59.22222222222222,Fast
Nova 2.0 Omni (low),Amazon,0.85,0,0.0,1m,ArtificialAnalysis,,,,,,,,,,24.0,28.235294084429068,0.0,58.875000000000014,Fast
gpt-oss-120B (low),OpenAI,0.26,307,0.46,131k,ArtificialAnalysis,,,,,,,,,,24.0,92.30769195266271,667.3913028969754,68.64131854783567,High-Performance
GLM-4.6V,Z AI,0.45,54,0.7,128k,ArtificialAnalysis,,,,,,,,,,24.0,53.33333321481481,77.14285703265307,61.22384443050093,Balanced
Grok 4.1 Fast,xAI,0.28,130,0.84,2m,ArtificialAnalysis,,,,,,,,,,23.0,82.14285684948977,154.7619045776644,62.80790624589404,Balanced
GLM-4.5-Air,Z AI,0.42,97,0.56,128k,ArtificialAnalysis,,,,,,,,,,23.0,54.76190463151927,173.21428540497448,61.60745938278458,Balanced
Mi:dm K 2.5 Pro,Korea Telecom,0.0,0,0.0,128k,ArtificialAnalysis,,,,,,,,,,23.0,23000000000.0,0.0,60.111111111111114,Fast
K-EXAONE,LG AI Research,0.0,106,0.31,256k,ArtificialAnalysis,,,,,,,,,,23.0,23000000000.0,341.93548276795,62.947157800462826,Budget-Friendly
Nova 2.0 Pro Preview,Amazon,3.44,163,0.48,256k,ArtificialAnalysis,,,,,,,,,,23.0,6.686046509684289,339.583332625868,55.87161742189616,Balanced
Qwen3 4B 2507,Alibaba,0.0,0,0.0,262k,ArtificialAnalysis,,,,,,,,,,22.0,22000000000.0,0.0,59.22222222222222,Fast
Grok 4 Fast,xAI,0.28,142,0.58,2m,ArtificialAnalysis,,,,,,,,,,23.0,82.14285684948977,244.82758578478004,63.18119260027941,High-Performance
Qwen3 30B A3B 2507,Alibaba,0.75,161,0.99,262k,ArtificialAnalysis,,,,,,,,,,23.0,30.66666662577778,162.6262624619937,62.45181446801437,Balanced
Magistral Small 1.2,Mistral,0.75,205,0.33,128k,ArtificialAnalysis,,,,,,,,,,22.0,29.333333294222225,621.2121193296601,62.879729401796034,High-Performance
Mistral Large 3,Mistral,0.75,49,0.52,256k,ArtificialAnalysis,,,,,,,,,,22.0,29.333333294222225,94.23076904955622,58.59155860436057,Balanced
INTELLECT-3,Prime Intellect,0.42,85,0.57,131k,ArtificialAnalysis,,,,,,,,,,22.0,52.38095225623583,149.12280675592493,60.389528011734015,Balanced
Gemini 2.5 Flash-Lite (Sep),Google,0.17,550,4.22,1m,ArtificialAnalysis,,,,,,,,,,22.0,129.41176394463668,130.33175352361806,73.05038565908623,High-Performance
Devstral 2,Mistral,0.0,51,0.45,256k,ArtificialAnalysis,,,,,,,,,,22.0,22000000000.0,113.33333308148147,60.53349234312866,Budget-Friendly
Hermes 4 405B,Nous Research,1.5,34,0.81,128k,ArtificialAnalysis,,,,,,,,,,22.0,14.666666656888887,41.97530859015394,56.25614480349018,Balanced
Mistral Medium 3.1,Mistral,0.8,98,0.4,128k,ArtificialAnalysis,,,,,,,,,,21.0,26.2499999671875,244.99999938749997,58.935270410502696,Balanced
gpt-oss-20B (low),OpenAI,0.1,252,0.55,131k,ArtificialAnalysis,,,,,,,,,,21.0,209.9999979,458.1818173487603,64.85872408716848,High-Performance
K2-V2 (high),MBZUAI Institute of Foundation Models,0.0,0,0.0,512k,ArtificialAnalysis,,,,,,,,,,21.0,21000000000.0,0.0,58.333333333333336,Fast
Qwen3 VL 235B A22B,Alibaba,1.23,35,1.08,262k,ArtificialAnalysis,,,,,,,,,,21.0,17.073170717826688,32.407407377400546,56.021745259872425,Balanced
Ring-flash-2.0,InclusionAI,0.25,80,1.4,128k,ArtificialAnalysis,,,,,,,,,,22.0,87.99999964799999,57.142857102040814,60.531274719587714,Balanced
Hermes 4 70B,Nous Research,0.2,81,0.6,128k,ArtificialAnalysis,,,,,,,,,,22.0,109.99999944999999,134.99999977500002,60.825127837976254,Balanced
Qwen3 Next 80B A3B,Alibaba,0.88,170,1.13,262k,ArtificialAnalysis,,,,,,,,,,20.0,22.72727270144628,150.44247774297125,59.68082577835697,Balanced
Llama Nemotron Ultra,NVIDIA,0.9,38,0.72,128k,ArtificialAnalysis,,,,,,,,,,22.0,24.44444441728395,52.77777770447531,57.881163506581615,Balanced
Qwen3 Coder 30B A3B,Alibaba,0.9,99,1.48,262k,ArtificialAnalysis,,,,,,,,,,20.0,22.222222197530865,66.89189184669466,57.632520720880166,Balanced
Ling-flash-2.0,InclusionAI,0.25,56,1.5,128k,ArtificialAnalysis,,,,,,,,,,22.0,87.99999964799999,37.333333308444445,59.85903171615278,Balanced
Gemini 2.5 Flash-Lite (Sep),Google,0.17,429,0.33,1m,ArtificialAnalysis,,,,,,,,,,20.0,117.64705813148788,1299.999996060606,68.66104253310917,High-Performance
Qwen3 VL 30B A3B,Alibaba,0.75,103,0.91,256k,ArtificialAnalysis,,,,,,,,,,20.0,26.666666631111113,113.18681306243208,58.2174876586411,Balanced
Ling-1T,InclusionAI,0.0,0,0.0,128k,ArtificialAnalysis,,,,,,,,,,19.0,19000000000.0,0.0,56.55555555555556,Fast
Devstral Small 2,Mistral,0.0,197,0.35,256k,ArtificialAnalysis,,,,,,,,,,19.0,19000000000.0,562.8571412489796,61.86634140716966,Budget-Friendly
Llama Nemotron Super 49B v1.5,NVIDIA,0.17,77,0.22,128k,ArtificialAnalysis,,,,,,,,,,19.0,111.76470522491348,349.9999984090909,58.1916209479987,Balanced
Nova Premier,Amazon,5.0,80,0.8,1m,ArtificialAnalysis,,,,,,,,,,19.0,3.7999999992399998,99.999999875,46.0957933462579,Balanced
K2-V2 (medium),MBZUAI Institute of Foundation Models,0.0,0,0.0,512k,ArtificialAnalysis,,,,,,,,,,19.0,19000000000.0,0.0,56.55555555555556,Fast
Devstral Medium,Mistral,0.8,112,0.43,256k,ArtificialAnalysis,,,,,,,,,,19.0,23.7499999703125,260.4651156733369,57.534001549876244,Balanced
Llama 4 Maverick,Meta,0.46,136,0.46,1m,ArtificialAnalysis,,,,,,,,,,19.0,41.30434773629489,295.6521732703213,59.03323773975486,Balanced
Llama 3.3 Nemotron Super 49B,NVIDIA,0.0,0,0.0,128k,ArtificialAnalysis,,,,,,,,,,22.0,22000000000.0,0.0,59.22222222222222,Fast
Nova 2.0 Lite,Amazon,0.85,222,0.52,1m,ArtificialAnalysis,,,,,,,,,,18.0,21.1764705633218,426.92307610207104,59.50418486698684,Balanced
GLM-4.6V,Z AI,0.45,64,0.89,128k,ArtificialAnalysis,,,,,,,,,,17.0,37.777777693827154,71.91011227875268,55.24072413811597,Balanced
ERNIE 4.5 300B A47B,Baidu,0.48,27,1.88,131k,ArtificialAnalysis,,,,,,,,,,22.0,45.83333323784722,14.361702120020372,58.42587193946366,Balanced
Hermes 4 405B,Nous Research,1.5,31,0.72,128k,ArtificialAnalysis,,,,,,,,,,22.0,14.666666656888887,43.055555495756174,56.190254415672534,Balanced
Qwen3 VL 32B,Alibaba,1.23,46,0.96,256k,ArtificialAnalysis,,,,,,,,,,17.0,13.821138200145416,47.916666616753474,52.78742676298423,Balanced
EXAONE 4.0 32B,LG AI Research,0.7,101,0.31,131k,ArtificialAnalysis,,,,,,,,,,17.0,24.285714251020412,325.80645056191463,55.72746083076585,Balanced
Nova 2.0 Omni,Amazon,0.85,226,0.71,1m,ArtificialAnalysis,,,,,,,,,,17.0,19.99999997647059,318.30985870660584,58.690761544298844,Balanced
Qwen3 VL 8B,Alibaba,0.66,65,0.95,256k,ArtificialAnalysis,,,,,,,,,,17.0,25.757575718549127,68.4210525595568,54.732378336055,Balanced
Olmo 3 7B Think,Allen Institute for AI,0.14,107,0.52,66k,ArtificialAnalysis,,,,,,,,,,22.0,157.14285602040815,205.7692303735207,61.698376786178756,Balanced
DeepSeek R1 0528 Qwen3 8B,DeepSeek,0.07,68,1.18,33k,ArtificialAnalysis,,,,,,,,,,22.0,314.2857097959184,57.62711859523125,60.69293659987183,Balanced
Qwen3 VL 30B A3B,Alibaba,0.35,98,0.91,256k,ArtificialAnalysis,,,,,,,,,,16.0,45.71428558367347,107.6923075739645,55.5255684667219,Balanced
Ministral 14B (Dec '25),Mistral,0.2,144,0.3,256k,ArtificialAnalysis,,,,,,,,,,16.0,79.9999996,479.9999984,57.26306896949318,Balanced
Qwen3 4B 2507,Alibaba,0.0,0,0.0,262k,ArtificialAnalysis,,,,,,,,,,22.0,22000000000.0,0.0,59.22222222222222,Fast
Falcon-H1R-7B,TII UAE,0.0,0,0.0,256k,ArtificialAnalysis,,,,,,,,,,16.0,15999999999.999998,0.0,53.8888888888889,Fast
DeepSeek R1 Distill Llama 70B,DeepSeek,0.88,42,0.82,128k,ArtificialAnalysis,,,,,,,,,,22.0,24.99999997159091,51.21951213265913,58.02255686678305,Balanced
Qwen3 Omni 30B A3B,Alibaba,0.43,97,0.95,66k,ArtificialAnalysis,,,,,,,,,,16.0,37.209302239048135,102.10526305041552,55.291216719893384,Balanced
Devstral Small,Mistral,0.15,228,0.36,256k,ArtificialAnalysis,,,,,,,,,,15.0,99.99999933333334,633.333331574074,58.77947064217971,Balanced
Solar Pro 2,Upstage,0.0,0,0.0,66k,ArtificialAnalysis,,,,,,,,,,15.0,15000000000.0,0.0,53.0,Fast
Qwen3 30B A3B 2507,Alibaba,0.35,76,1.02,262k,ArtificialAnalysis,,,,,,,,,,15.0,42.85714273469388,74.5098038485198,54.01721227405459,Balanced
NVIDIA Nemotron Nano 9B V2,NVIDIA,0.07,100,0.23,131k,ArtificialAnalysis,,,,,,,,,,15.0,214.28571122448983,434.78260680529297,55.51156836482692,Balanced
Llama Nemotron Super 49B v1.5,NVIDIA,0.17,69,0.22,128k,ArtificialAnalysis,,,,,,,,,,15.0,88.23529359861591,313.6363622107438,54.417883574261324,Balanced
Ling-mini-2.0,InclusionAI,0.12,182,1.49,131k,ArtificialAnalysis,,,,,,,,,,22.0,183.3333318055556,122.14765092473311,63.62216510740535,High-Performance
K2-V2 (low),MBZUAI Institute of Foundation Models,0.0,0,0.0,512k,ArtificialAnalysis,,,,,,,,,,15.0,15000000000.0,0.0,53.0,Fast
Mistral Small 3.2,Mistral,0.15,96,0.3,128k,ArtificialAnalysis,,,,,,,,,,15.0,99.99999933333334,319.9999989333333,55.19008917151339,Balanced
Qwen3 VL 4B,Alibaba,0.0,0,0.0,256k,ArtificialAnalysis,,,,,,,,,,22.0,22000000000.0,0.0,59.22222222222222,Fast
Ministral 8B (Dec '25),Mistral,0.15,194,0.28,256k,ArtificialAnalysis,,,,,,,,,,15.0,99.99999933333334,692.8571403826529,57.86635595401856,Balanced
Llama 3.3 70B,Meta,0.64,107,0.47,128k,ArtificialAnalysis,,,,,,,,,,15.0,23.437499963378908,227.65957398370304,54.23500333840128,Balanced
NVIDIA Nemotron Nano 12B v2 VL,NVIDIA,0.3,129,0.21,128k,ArtificialAnalysis,,,,,,,,,,15.0,49.999999833333334,614.2857113605443,55.731016965513916,Fast
Qwen3 VL 8B,Alibaba,0.31,110,0.9,256k,ArtificialAnalysis,,,,,,,,,,15.0,48.387096618106135,122.22222208641975,55.06572205999469,Balanced
Llama 3.1 Nemotron Nano 4B v1.1,NVIDIA,0.0,0,0.0,128k,ArtificialAnalysis,,,,,,,,,,22.0,22000000000.0,0.0,59.22222222222222,Fast
Kimi Linear 48B A3B Instruct,Kimi,0.0,0,0.0,1m,ArtificialAnalysis,,,,,,,,,,22.0,22000000000.0,0.0,59.22222222222222,Fast
Reka Flash 3,Reka AI,0.35,49,1.3,128k,ArtificialAnalysis,,,,,,,,,,22.0,62.85714267755102,37.692307663313606,59.45351772302263,Balanced
Llama 3.3 Nemotron Super 49B,NVIDIA,0.0,0,0.0,128k,ArtificialAnalysis,,,,,,,,,,22.0,22000000000.0,0.0,59.22222222222222,Fast
Llama 3.1 405B,Meta,4.19,25,0.68,128k,ArtificialAnalysis,,,,,,,,,,14.0,3.3412887820187853,36.7647058282872,42.19758596048084,Balanced
Qwen3 VL 4B,Alibaba,0.0,0,0.0,256k,ArtificialAnalysis,,,,,,,,,,22.0,22000000000.0,0.0,59.22222222222222,Fast
Solar Pro 2,Upstage,0.0,0,0.0,66k,ArtificialAnalysis,,,,,,,,,,14.0,14000000000.0,0.0,52.11111111111111,Fast
Llama 4 Scout,Meta,0.28,117,0.42,10m,ArtificialAnalysis,,,,,,,,,,14.0,49.99999982142856,278.5714279081633,54.527690496684386,Balanced
Llama 3.1 Nemotron 70B,NVIDIA,1.2,40,0.28,128k,ArtificialAnalysis,,,,,,,,,,14.0,11.666666656944445,142.85714234693876,50.152467065129656,Balanced
Hermes 4 70B,Nous Research,0.2,72,0.57,128k,ArtificialAnalysis,,,,,,,,,,22.0,109.99999944999999,126.31578925207758,60.58498255718856,Balanced
NVIDIA Nemotron 3 Nano,NVIDIA,0.1,171,0.32,1m,ArtificialAnalysis,,,,,,,,,,14.0,139.9999986,534.374998330078,56.46811531830114,Balanced
Command A,Cohere,4.38,58,0.3,256k,ArtificialAnalysis,,,,,,,,,,13.0,2.9680365290027315,193.33333268888887,41.80094775737197,Balanced
NVIDIA Nemotron Nano 9B V2,NVIDIA,0.1,109,0.41,131k,ArtificialAnalysis,,,,,,,,,,13.0,129.99999870000002,265.8536578881618,53.87238954450263,Balanced
Phi-4,Microsoft Azure,0.22,7,0.76,16k,ArtificialAnalysis,,,,,,,,,,22.0,99.99999954545454,9.21052630367036,58.72862994157128,Balanced
Qwen3 1.7B,Alibaba,0.4,126,0.9,32k,ArtificialAnalysis,,,,,,,,,,22.0,54.99999986249999,139.99999984444443,61.499307918580556,Balanced
Jamba Reasoning 3B,AI21 Labs,0.0,0,0.0,262k,ArtificialAnalysis,,,,,,,,,,22.0,22000000000.0,0.0,59.22222222222222,Fast
R1 1776,Perplexity,0.0,0,0.0,128k,ArtificialAnalysis,,,,,,,,,,22.0,22000000000.0,0.0,59.22222222222222,Fast
Llama 3.2 90B (Vision),Meta,0.72,41,0.33,128k,ArtificialAnalysis,,,,,,,,,,22.0,30.555555513117287,124.24242386593204,58.48200212906877,Balanced
Ministral 3B (Dec '25),Mistral,0.1,298,0.27,256k,ArtificialAnalysis,,,,,,,,,,12.0,119.9999988,1103.703699615912,58.16282267860448,Balanced
EXAONE 4.0 32B,LG AI Research,0.7,87,0.31,131k,ArtificialAnalysis,,,,,,,,,,12.0,17.14285711836735,280.6451603850156,50.90119820450322,Balanced
Nova Micro,Amazon,0.06,462,0.36,130k,ArtificialAnalysis,,,,,,,,,,22.0,366.66666055555567,1283.3333297685185,71.6085110462201,High-Performance
LFM2 8B A1B,Liquid AI,0.0,0,0.0,33k,ArtificialAnalysis,,,,,,,,,,22.0,22000000000.0,0.0,59.22222222222222,Fast
Granite 4.0 H Small,IBM,0.11,239,8.74,128k,ArtificialAnalysis,,,,,,,,,,11.0,99.9999990909091,27.34553775430829,54.14086048968583,Balanced
Granite 4.0 Micro,IBM,0.0,0,0.0,128k,ArtificialAnalysis,,,,,,,,,,22.0,22000000000.0,0.0,59.22222222222222,Fast
Phi-4 Mini,Microsoft Azure,0.0,45,0.31,128k,ArtificialAnalysis,,,,,,,,,,22.0,22000000000.0,145.1612898543184,60.394632547937576,Budget-Friendly
DeepHermes 3 - Mistral 24B,Nous Research,0.0,0,0.0,32k,ArtificialAnalysis,,,,,,,,,,22.0,22000000000.0,0.0,59.22222222222222,Fast
Llama 3.2 11B (Vision),Meta,0.16,71,0.38,128k,ArtificialAnalysis,,,,,,,,,,22.0,137.499999140625,186.84210477146814,60.691335172805836,Balanced
Qwen3 Omni 30B A3B,Alibaba,0.43,89,0.94,66k,ArtificialAnalysis,,,,,,,,,,11.0,25.58139528934559,94.68085096310548,50.63036021215607,Balanced
Qwen3 0.6B,Alibaba,0.4,200,0.89,32k,ArtificialAnalysis,,,,,,,,,,22.0,54.99999986249999,224.71910087110214,63.519259491651326,High-Performance
Gemma 3 27B,Google,0.0,42,3.66,128k,ArtificialAnalysis,,,,,,,,,,10.0,10000000000.0,11.475409832930215,49.05327981165517,Budget-Friendly
NVIDIA Nemotron Nano 12B v2 VL,NVIDIA,0.3,126,0.55,128k,ArtificialAnalysis,,,,,,,,,,10.0,33.33333322222222,229.09090867438016,51.14458267302706,Balanced
Phi-4 Multimodal,Microsoft Azure,0.0,17,0.32,128k,ArtificialAnalysis,,,,,,,,,,22.0,22000000000.0,53.12499983398437,59.62922642941226,Budget-Friendly
Gemma 3n E2B,Google,0.0,41,0.37,32k,ArtificialAnalysis,,,,,,,,,,22.0,22000000000.0,110.81081051132213,60.27492310951297,Budget-Friendly
Jamba 1.7 Large,AI21 Labs,3.5,47,0.84,256k,ArtificialAnalysis,,,,,,,,,,9.0,2.5714285706938775,55.95238088577098,40.04982543781323,Balanced
Molmo 7B-D,Allen Institute for AI,0.0,0,0.0,4k,ArtificialAnalysis,,,,,,,,,,22.0,22000000000.0,0.0,59.22222222222222,Fast
Gemma 3 12B,Google,0.0,40,20.1,128k,ArtificialAnalysis,,,,,,,,,,9.0,9000000000.0,1.9900497511447734,45.20036843079052,Budget-Friendly
Gemma 3 1B,Google,0.0,37,0.51,32k,ArtificialAnalysis,,,,,,,,,,22.0,22000000000.0,72.54901946559016,60.14105563197679,Budget-Friendly
Exaone 4.0 1.2B,LG AI Research,0.0,0,0.0,64k,ArtificialAnalysis,,,,,,,,,,8.0,7999999999.999999,0.0,46.77777777777778,Fast
Gemma 3 270M,Google,0.0,0,0.0,32k,ArtificialAnalysis,,,,,,,,,,22.0,22000000000.0,0.0,59.22222222222222,Fast
Exaone 4.0 1.2B,LG AI Research,0.0,0,0.0,64k,ArtificialAnalysis,,,,,,,,,,8.0,7999999999.999999,0.0,46.77777777777778,Fast
Granite 4.0 H 1B,IBM,0.0,0,0.0,128k,ArtificialAnalysis,,,,,,,,,,8.0,7999999999.999999,0.0,46.77777777777778,Fast
Olmo 3 7B,Allen Institute for AI,0.13,33,0.43,66k,ArtificialAnalysis,,,,,,,,,,8.0,61.53846106508876,76.74418586803678,47.27667831755302,Balanced
LFM2 2.6B,Liquid AI,0.0,0,0.0,33k,ArtificialAnalysis,,,,,,,,,,8.0,7999999999.999999,0.0,46.77777777777778,Fast
DeepHermes 3 - Llama-3.1 8B,Nous Research,0.0,0,0.0,128k,ArtificialAnalysis,,,,,,,,,,22.0,22000000000.0,0.0,59.22222222222222,Fast
Jamba 1.7 Mini,AI21 Labs,0.25,124,0.63,258k,ArtificialAnalysis,,,,,,,,,,7.0,27.999999887999998,196.82539651297557,48.53421251270335,Balanced
Granite 4.0 1B,IBM,0.0,0,0.0,128k,ArtificialAnalysis,,,,,,,,,,7.0,7000000000.0,0.0,45.88888888888889,Fast
Granite 4.0 350M,IBM,0.0,0,0.0,33k,ArtificialAnalysis,,,,,,,,,,7.0,7000000000.0,0.0,45.88888888888889,Fast
Qwen3 1.7B,Alibaba,0.19,116,0.9,32k,ArtificialAnalysis,,,,,,,,,,7.0,36.84210506925208,128.88888874567903,48.418247312519945,Balanced
LFM2 1.2B,Liquid AI,0.0,0,0.0,33k,ArtificialAnalysis,,,,,,,,,,6.0,6000000000.0,0.0,45.0,Fast
Gemma 3 4B,Google,0.0,40,0.94,128k,ArtificialAnalysis,,,,,,,,,,6.0,6000000000.0,42.553191444092356,45.92455213134799,Budget-Friendly
Gemma 3n E4B,Google,0.03,59,0.38,32k,ArtificialAnalysis,,,,,,,,,,6.0,199.99999333333358,155.26315748614957,46.46684022331089,Balanced
Qwen3 0.6B,Alibaba,0.19,188,0.89,32k,ArtificialAnalysis,,,,,,,,,,6.0,31.578947202216067,211.235954818836,49.49476454215637,Balanced
Granite 4.0 H 350M,IBM,0.0,0,0.0,33k,ArtificialAnalysis,,,,,,,,,,6.0,6000000000.0,0.0,45.0,Fast
DeepSeek-OCR,DeepSeek,0.05,322,0.41,8k,ArtificialAnalysis,,,,,,,,,,22.0,439.9999912000002,785.3658517430101,67.80648045359354,High-Performance
Grok Voice Agent,xAI,0.0,0,0.0,32k,ArtificialAnalysis,,,,,,,,,,22.0,22000000000.0,0.0,59.22222222222222,Fast
Olmo 3.1 32B Think,Allen Institute for AI,0.0,60,0.54,66k,ArtificialAnalysis,,,,,,,,,,22.0,22000000000.0,111.11111090534979,60.76301909458268,Budget-Friendly
Cogito v2.1,Deep Cogito,1.25,74,0.38,128k,ArtificialAnalysis,,,,,,,,,,22.0,17.59999998592,194.73684159279776,58.04815335462402,Balanced
Mi:dm K 2.5 Pro Preview,Korea Telecom,0.0,0,0.0,128k,ArtificialAnalysis,,,,,,,,,,22.0,22000000000.0,0.0,59.22222222222222,Fast
Doubao-Seed-1.8,ByteDance Seed,0.15,0,0.0,256k,ArtificialAnalysis,,,,,,,,,,22.0,146.6666656888889,0.0,58.84722222222223,Fast
