Model,Region,Use_Case,Users,Requests_per_day,Accuracy_pct,Cost_per_1K,Latency_ms,Uptime_pct,Throughput_rps,Efficiency_Score,Value_Index
Llama-3-70B,Asia-Pacific,Question Answering,1820,22395,76.87,0.00388,618.4,98.88,1636.7,19811.86,116.078
GPT-3.5-Turbo,Asia-Pacific,Content Creation,268,4812,88.39,0.00312,1264.7,99.01,782.5,28330.13,140.507
Claude-3-Opus,Europe,Translation,869,13991,90.69,0.05148,1990.6,99.77,541.3,1761.66,51.273
Gemini-Ultra,Asia-Pacific,Question Answering,214,1196,89.85,0.03577,2972.5,99.33,266.7,2511.88,53.3792
Llama-3-70B,Asia-Pacific,Code Generation,80,1201,76.92,0.00519,1037.8,100.0,976.8,14820.81,96.4562
GPT-4,North America,Chatbot,7587,88040,92.04,0.04094,3132.4,99.72,365.8,2248.17,53.4116
Claude-3-Opus,North America,Content Creation,301,4794,88.23,0.0466,2637.8,98.92,438.1,1893.35,50.6286
Claude-3-Opus,Europe,Data Analysis,279,2471,93.96,0.03631,2816.5,98.39,341.0,2587.72,55.3132
GPT-4,North America,Translation,2906,21769,96.69,0.04189,2592.8,98.87,431.5,2308.19,55.5838
Claude-3-Sonnet,North America,Content Creation,1376,22904,87.53,0.01707,1654.8,99.01,585.9,5127.71,61.4606
GPT-4,Asia-Pacific,Chatbot,80,620,92.14,0.04019,2838.7,99.37,446.6,2292.61,53.605
Gemini-Pro,Middle East,Code Generation,1126,19673,78.14,0.00985,1101.5,99.21,886.2,7932.99,69.7084
Claude-3-Sonnet,North America,Question Answering,1670,12242,86.9,0.01449,1762.8,99.56,606.8,5997.24,64.2674
Claude-3-Sonnet,Middle East,Translation,275,2712,88.63,0.01808,1224.7,99.58,838.1,4902.1,61.0712
Claude-3-Opus,North America,Data Analysis,2846,25367,93.07,0.02518,2868.7,99.66,306.7,3696.19,58.5189
Gemini-Pro,Asia-Pacific,Summarization,2165,15330,84.42,0.014,1330.5,98.82,709.3,6030.0,63.7889
Mistral-7B,Asia-Pacific,Code Generation,619,10329,79.27,0.00255,476.5,99.79,2000.0,31086.27,157.7018
Gemini-Pro,Europe,Translation,216,3671,83.91,0.01469,1153.1,98.62,922.5,5712.05,62.5505
Claude-3-Opus,Europe,Chatbot,282,4847,94.2,0.03856,3123.3,99.45,456.9,2442.95,54.9441
Gemini-Ultra,North America,Question Answering,1014,11364,92.11,0.02908,2424.6,99.33,437.8,3167.47,56.4539
Mistral-7B,North America,Code Generation,14108,250291,74.91,0.00176,613.0,98.7,1515.4,42562.5,208.2358
Llama-3-70B,Asia-Pacific,Chatbot,633,10601,87.25,0.00314,765.9,99.64,1283.2,27786.62,139.4275
Claude-3-Opus,Asia-Pacific,Content Creation,86,919,93.64,0.03138,2285.9,99.42,429.2,2984.07,56.4677
Claude-3-Sonnet,South America,Chatbot,367,1375,93.0,0.0144,1776.3,99.23,570.0,6458.33,67.4459
Claude-3-Sonnet,North America,Content Creation,1423,11917,85.38,0.02033,1489.0,99.44,652.0,4199.7,57.5808
Llama-3-70B,Asia-Pacific,Chatbot,1586,9219,72.04,0.00314,1046.0,100.0,922.2,22942.68,131.7526
GPT-3.5-Turbo,South America,Content Creation,119,580,83.95,0.01249,1000.4,100.0,940.4,6721.38,66.1941
GPT-4,North America,Code Generation,1209,6347,91.49,0.0417,3316.8,100.0,276.6,2194.0,52.9995
GPT-3.5-Turbo,South America,Code Generation,588,2556,83.01,0.00951,1517.4,99.38,687.4,8728.71,73.1825
GPT-4,South America,Translation,1088,14136,95.58,0.03879,2977.6,99.41,359.2,2464.04,55.5911
Claude-3-Opus,Asia-Pacific,Question Answering,202,1671,90.64,0.0324,2738.6,98.91,426.7,2797.53,54.6523
GPT-3.5-Turbo,Asia-Pacific,Translation,167,1460,76.99,0.00591,1402.0,99.4,709.3,13027.07,89.3991
GPT-3.5-Turbo,Europe,Data Analysis,10214,145731,81.71,0.0069,1348.3,99.28,665.0,11842.03,84.4816
Gemini-Ultra,Asia-Pacific,Translation,1439,10650,84.69,0.02572,2476.3,98.83,388.9,3292.77,54.0898
Claude-3-Sonnet,Middle East,Translation,526,9297,86.4,0.02407,1303.8,99.14,777.1,3589.53,55.817
Claude-3-Opus,North America,Chatbot,315,5381,92.62,0.04195,3286.4,99.64,329.1,2207.87,53.5222
Gemini-Ultra,Asia-Pacific,Data Analysis,138,1260,86.57,0.0384,2828.8,99.28,337.6,2254.43,51.1682
GPT-4,Europe,Content Creation,1629,14478,97.65,0.05387,2565.8,98.71,331.1,1812.7,54.4719
Claude-3-Opus,North America,Translation,5865,84014,93.62,0.04322,2994.1,99.77,307.0,2166.13,53.818
GPT-4,North America,Question Answering,141,1810,92.28,0.04527,3047.9,99.0,322.9,2038.44,52.8325
Claude-3-Opus,South America,Code Generation,2688,13430,90.82,0.03666,2386.0,99.99,437.5,2477.36,53.6771
Mistral-7B,North America,Translation,1178,11172,72.31,0.00223,565.5,98.41,1740.4,32426.01,171.0378
Claude-3-Sonnet,Europe,Question Answering,589,2373,85.06,0.0132,1151.6,99.52,862.2,6443.94,65.4309
Llama-3-70B,South America,Data Analysis,2087,10787,85.67,0.00369,744.5,99.09,1419.5,23216.8,124.4044
GPT-4,Europe,Data Analysis,403,6505,91.26,0.04566,3030.1,100.0,346.0,1998.69,52.2663
Gemini-Ultra,Asia-Pacific,Chatbot,1154,16644,89.22,0.03472,2258.5,98.67,409.2,2569.7,53.3391
GPT-4,Asia-Pacific,Content Creation,895,9483,91.71,0.05036,2686.0,100.0,442.1,1821.09,51.8866
GPT-3.5-Turbo,Asia-Pacific,Code Generation,540,9018,83.17,0.01122,1392.1,98.67,724.2,7412.66,68.4666
Claude-3-Sonnet,Europe,Translation,2768,22602,92.72,0.01868,1455.2,99.93,710.2,4963.6,62.5574
Mistral-7B,North America,Data Analysis,1923,24233,72.99,0.00109,780.6,97.95,1382.7,66963.3,311.9806
Claude-3-Opus,North America,Question Answering,214,1964,91.84,0.04573,2355.0,99.43,398.1,2008.31,52.5652
Gemini-Pro,North America,Chatbot,320,1605,83.33,0.01211,843.4,99.09,1187.8,6881.09,66.6751
Llama-3-70B,Asia-Pacific,Code Generation,2715,39208,78.61,0.00342,878.7,97.88,1062.3,22985.38,127.2519
Gemini-Ultra,North America,Chatbot,5307,32264,88.8,0.04036,2701.8,98.51,287.2,2200.2,51.9071
Llama-3-70B,Europe,Data Analysis,387,2034,81.98,0.00491,1078.3,99.51,883.7,16696.54,102.2753
Gemini-Pro,Europe,Summarization,894,12750,83.33,0.01025,1023.4,99.66,1072.6,8129.76,71.1287
Gemini-Ultra,North America,Summarization,402,4164,93.23,0.03873,3056.5,99.11,355.5,2407.18,54.4264
Mistral-7B,Europe,Content Creation,2647,41527,79.19,0.00211,868.0,99.69,1190.3,37530.81,182.0055
Gemini-Ultra,Europe,Translation,694,8617,88.91,0.02731,3119.1,100.0,351.9,3255.58,55.5041
GPT-4,North America,Question Answering,240,958,90.44,0.05273,3076.5,98.84,400.3,1715.15,50.9744
Mistral-7B,Middle East,Summarization,463,7670,78.9,0.00225,763.9,99.5,1287.0,35066.67,173.0451
Claude-3-Opus,Asia-Pacific,Question Answering,1629,27343,87.73,0.037,3367.5,99.45,311.7,2371.08,52.0325
Gemini-Pro,Europe,Code Generation,12057,107975,86.4,0.00732,842.2,99.94,1248.1,11803.28,84.4211
Mistral-7B,North America,Translation,285,4901,75.84,0.00241,791.1,98.88,1283.5,31468.88,162.6541
Gemini-Pro,Asia-Pacific,Question Answering,7591,41295,76.14,0.01335,1751.4,98.64,729.7,5703.37,60.6561
Llama-3-70B,Europe,Content Creation,1137,16838,80.39,0.00571,997.6,99.8,1020.3,14078.81,92.9349
GPT-3.5-Turbo,North America,Translation,528,4022,85.67,0.00843,1314.9,98.63,716.7,10162.51,78.5743
Gemini-Ultra,South America,Content Creation,1171,16316,87.81,0.03129,3084.9,99.25,329.2,2806.33,53.5576
Claude-3-Opus,Europe,Code Generation,24350,233498,91.6,0.03744,2345.8,98.24,467.5,2446.58,53.8981
Llama-3-70B,North America,Content Creation,987,13913,79.83,0.00287,897.6,99.15,1048.1,27815.33,144.6674
Gemini-Ultra,South America,Summarization,3657,46721,90.25,0.03247,3297.7,99.18,303.9,2779.49,54.4249
Mistral-7B,South America,Content Creation,870,6364,70.46,0.00269,387.5,98.01,2000.0,26193.31,147.2703
Claude-3-Opus,North America,Chatbot,1308,22519,88.48,0.03533,2311.3,100.0,479.4,2504.39,52.8179
GPT-4,North America,Content Creation,4689,33939,92.67,0.048,2499.8,98.96,388.6,1930.62,52.665
Mistral-7B,South America,Code Generation,561,7665,72.71,0.00153,496.3,100.0,1952.8,47522.88,232.8364
Claude-3-Opus,Europe,Content Creation,310,2211,96.39,0.02751,3293.8,99.27,298.8,3503.82,59.1608
Claude-3-Sonnet,North America,Summarization,854,14276,85.99,0.02204,1995.7,99.52,469.9,3901.54,56.7068
Gemini-Pro,Middle East,Chatbot,521,5837,81.28,0.01239,1104.3,99.37,820.4,6560.13,65.0342
Gemini-Pro,Asia-Pacific,Code Generation,1252,15681,80.49,0.01302,1268.4,99.59,807.6,6182.03,63.4442
Claude-3-Sonnet,Middle East,Content Creation,80,548,86.33,0.02047,1471.3,99.56,754.7,4217.39,57.9565
GPT-3.5-Turbo,Europe,Chatbot,91,1033,83.99,0.00744,1221.2,98.57,712.9,11288.98,82.4814
GPT-4,Europe,Code Generation,568,7512,92.0,0.048,3102.4,98.55,368.8,1916.67,52.3145
Claude-3-Sonnet,Europe,Chatbot,161,1831,88.14,0.01983,1628.8,99.74,655.6,4444.78,59.3214
GPT-3.5-Turbo,Europe,Data Analysis,1630,11690,83.47,0.00889,1109.5,99.77,897.3,9389.2,75.661
Claude-3-Opus,North America,Chatbot,144,894,92.56,0.03713,3139.5,98.66,309.2,2492.86,54.4234
Claude-3-Sonnet,Asia-Pacific,Summarization,506,4412,87.85,0.01395,1634.7,99.54,614.1,6297.49,65.5527
Claude-3-Opus,Middle East,Content Creation,4403,42285,97.75,0.03782,2544.1,99.95,472.0,2584.61,56.8859
GPT-4,North America,Code Generation,454,3919,90.37,0.0334,2441.2,98.56,443.8,2705.69,54.249
Gemini-Ultra,Asia-Pacific,Question Answering,723,11666,90.86,0.04137,2152.0,99.36,473.0,2196.28,52.7746
Claude-3-Opus,Europe,Data Analysis,1703,12233,90.5,0.04333,2482.0,98.88,394.5,2088.62,52.2542
Llama-3-70B,South America,Chatbot,552,7891,77.25,0.00447,837.2,99.5,1204.6,17281.88,105.978
Claude-3-Sonnet,Europe,Translation,125,605,88.75,0.01963,1749.2,98.68,576.9,4521.14,59.7721
Llama-3-70B,North America,Chatbot,661,7588,85.08,0.00404,1199.8,99.6,888.7,21059.41,116.9641
Gemini-Pro,Europe,Translation,1066,17124,82.34,0.01107,1109.9,99.32,869.5,7438.12,68.4505
Llama-3-70B,South America,Data Analysis,850,13944,82.03,0.00385,798.4,99.62,1285.1,21306.49,119.1876
GPT-3.5-Turbo,Asia-Pacific,Translation,80,878,83.77,0.0085,1449.7,99.1,703.7,9855.29,77.3171
Llama-3-70B,South America,Code Generation,502,4152,79.37,0.00417,648.5,99.68,1518.0,19033.57,111.9359
Gemini-Pro,Middle East,Content Creation,1060,18534,85.32,0.01513,1286.8,98.84,871.2,5639.13,62.6436
GPT-3.5-Turbo,Middle East,Question Answering,136,525,85.27,0.00997,1363.2,99.87,722.4,8552.66,72.872
Llama-3-70B,Europe,Question Answering,202,2384,77.89,0.00395,956.5,99.02,1063.1,19718.99,115.1035
Claude-3-Opus,North America,Content Creation,176,3050,93.26,0.03983,2794.4,99.02,393.2,2341.45,54.2336
GPT-3.5-Turbo,Asia-Pacific,Content Creation,2296,29342,85.48,0.00782,1423.6,98.78,792.5,10930.95,81.2437
Mistral-7B,Europe,Content Creation,1060,8129,72.83,0.0025,649.5,99.14,1531.0,29132.0,156.7229
Llama-3-70B,Asia-Pacific,Content Creation,367,3084,82.91,0.00303,912.8,99.15,1037.6,27363.04,140.684
Claude-3-Sonnet,Asia-Pacific,Code Generation,673,5771,84.37,0.01811,1438.1,99.1,686.4,4658.75,58.8895
Gemini-Pro,Europe,Code Generation,346,4638,86.0,0.0148,1484.9,99.18,641.1,5810.81,63.405
Claude-3-Sonnet,South America,Code Generation,2874,25249,87.34,0.02085,1454.5,99.87,707.6,4188.97,58.196
Gemini-Pro,North America,Data Analysis,15325,74150,82.31,0.01136,1384.8,99.44,693.4,7245.6,67.7079
Mistral-7B,Europe,Data Analysis,8482,61121,70.36,0.00228,624.8,99.27,1655.1,30859.65,167.079
GPT-3.5-Turbo,Asia-Pacific,Translation,777,7552,77.87,0.00845,1348.9,100.0,718.4,9215.38,74.5862
GPT-3.5-Turbo,Europe,Code Generation,1958,35198,79.89,0.00527,1022.2,97.89,953.8,15159.39,97.0667
Mistral-7B,Europe,Content Creation,2016,24842,83.22,0.0007,721.6,99.09,1349.0,118885.71,470.4586
Claude-3-Sonnet,Europe,Translation,6667,88786,87.8,0.01586,1299.0,98.26,855.7,5535.94,62.9695
Gemini-Ultra,North America,Question Answering,6626,48250,93.79,0.03504,1894.8,98.66,549.0,2676.66,55.5622
Claude-3-Sonnet,Europe,Content Creation,166,1844,88.51,0.01154,1662.7,99.68,656.2,7669.84,70.3718
Claude-3-Sonnet,Europe,Code Generation,728,3074,88.89,0.01857,1294.3,98.67,853.4,4786.75,60.7546
Mistral-7B,Asia-Pacific,Code Generation,980,7467,65.39,0.00215,562.8,99.2,1780.0,30413.95,172.5852
Gemini-Ultra,North America,Chatbot,1050,14248,90.54,0.04074,2215.7,99.13,551.5,2222.39,52.724
GPT-3.5-Turbo,South America,Code Generation,500,8526,86.87,0.01037,1271.4,98.52,868.2,8377.05,72.5219
Gemini-Pro,Asia-Pacific,Question Answering,202,3785,83.12,0.01268,1587.0,99.46,647.9,6555.21,65.3453
Gemini-Pro,North America,Data Analysis,3501,51452,82.96,0.01475,1270.0,99.22,778.7,5624.41,61.9765
GPT-4,Europe,Code Generation,916,8611,96.88,0.03568,2784.7,98.44,329.1,2715.25,56.9199
Claude-3-Opus,Asia-Pacific,Question Answering,3701,39049,94.45,0.03805,1825.2,100.0,478.4,2482.26,55.2189
Llama-3-70B,Europe,Code Generation,105,1415,83.59,0.00375,978.8,99.05,1049.3,22290.67,121.9993
Gemini-Pro,Europe,Translation,289,2251,84.63,0.01478,1483.7,98.29,624.5,5725.98,62.7475
GPT-3.5-Turbo,North America,Code Generation,3050,19789,84.93,0.01169,1192.2,99.24,791.9,7265.18,68.2957
Mistral-7B,Middle East,Chatbot,5522,64613,76.63,0.00179,693.5,99.45,1444.4,42810.06,206.2012
GPT-3.5-Turbo,North America,Code Generation,946,12048,81.95,0.00745,1292.8,99.56,738.5,11000.0,81.3982
Mistral-7B,Asia-Pacific,Data Analysis,9560,50902,71.82,0.00307,549.4,99.32,1851.9,23394.14,133.9939
Gemini-Ultra,North America,Content Creation,1537,6840,95.55,0.03032,2583.0,99.95,302.9,3151.39,57.7469
GPT-4,Middle East,Question Answering,1539,14751,97.19,0.04168,3116.2,100.0,301.9,2331.81,55.8569
GPT-4,Europe,Translation,689,6410,89.94,0.03887,3690.4,99.42,319.2,2313.87,52.7422
Claude-3-Opus,Asia-Pacific,Translation,2039,27337,91.38,0.03077,2175.1,98.42,459.1,2969.78,55.5317
Mistral-7B,Europe,Data Analysis,1040,5469,77.89,0.00166,737.5,98.29,1264.8,46921.69,219.9391
Mistral-7B,North America,Data Analysis,80,379,80.33,0.00238,765.0,98.51,1295.4,33752.1,166.4769
Mistral-7B,North America,Translation,536,8449,80.78,0.00161,533.6,98.14,1899.5,50173.91,227.1002
Gemini-Pro,Europe,Code Generation,1487,25461,84.88,0.012,1223.0,99.41,795.7,7073.33,67.6035
Gemini-Pro,Asia-Pacific,Code Generation,4089,24530,82.17,0.01113,1191.2,99.2,866.8,7382.75,68.2071
GPT-4,Europe,Data Analysis,80,966,91.71,0.05059,2596.2,99.34,432.7,1812.81,51.8621
Claude-3-Sonnet,North America,Data Analysis,80,1226,84.09,0.02018,1394.4,98.24,780.0,4167.0,57.0546
Claude-3-Opus,Europe,Data Analysis,432,4568,93.61,0.04825,2490.5,98.19,366.1,1940.1,53.1029
Mistral-7B,Asia-Pacific,Content Creation,2726,34300,79.13,0.00163,602.8,99.42,1607.5,48546.01,223.9459
Llama-3-70B,Asia-Pacific,Data Analysis,511,6922,82.71,0.00183,722.5,99.11,1405.0,45196.72,205.5662
GPT-3.5-Turbo,North America,Code Generation,786,7808,87.79,0.00601,1260.1,98.31,845.2,14607.32,93.9705
GPT-3.5-Turbo,Asia-Pacific,Summarization,765,5841,82.96,0.01244,1019.5,98.9,1017.5,6668.81,65.7919
GPT-4,Asia-Pacific,Translation,179,2944,92.71,0.04779,2963.3,99.33,329.1,1939.95,52.7
Mistral-7B,Europe,Chatbot,5618,93056,82.51,0.00278,683.5,98.74,1486.1,29679.86,149.4613
Llama-3-70B,Asia-Pacific,Data Analysis,372,1740,78.95,0.0032,1114.8,98.61,830.6,24671.88,133.4044
Claude-3-Opus,Asia-Pacific,Code Generation,499,2617,94.96,0.04431,3048.6,98.73,256.9,2143.08,54.3161
Claude-3-Opus,North America,Data Analysis,6321,79805,95.06,0.0365,2713.5,99.95,458.5,2604.38,55.8229
Mistral-7B,Asia-Pacific,Content Creation,295,2630,70.78,0.00102,906.2,98.54,1092.4,69392.16,329.7283
GPT-4,Asia-Pacific,Content Creation,626,5055,93.66,0.05003,2590.8,99.82,379.0,1872.08,52.9036
Llama-3-70B,North America,Code Generation,741,10722,82.33,0.00228,839.0,99.32,1161.8,36109.65,172.9823
Llama-3-70B,Europe,Data Analysis,1280,7674,73.02,0.0048,1047.8,98.68,966.6,15212.5,99.2009
Gemini-Ultra,North America,Summarization,3302,33292,91.58,0.03197,2685.0,99.57,354.7,2864.56,55.2483
Mistral-7B,South America,Chatbot,1984,26365,71.71,0.00222,810.6,98.61,1308.0,32301.8,171.2369
Claude-3-Sonnet,Europe,Code Generation,1212,19012,89.32,0.02137,1645.9,99.41,619.1,4179.69,58.8199
Claude-3-Sonnet,Europe,Chatbot,80,938,89.02,0.01918,1298.7,98.92,711.0,4641.29,60.3053
Llama-3-70B,South America,Translation,9226,50366,84.3,0.00301,917.0,98.78,1170.8,28006.64,142.0359
Claude-3-Sonnet,North America,Content Creation,6844,88430,84.55,0.01966,1386.4,97.88,739.8,4300.61,57.6787
Llama-3-70B,Asia-Pacific,Translation,391,1709,83.78,0.0047,783.9,99.73,1298.5,17825.53,105.9749
Mistral-7B,North America,Summarization,220,3038,69.12,0.00236,864.3,100.0,1193.8,29288.14,161.91
Gemini-Ultra,Asia-Pacific,Data Analysis,420,4199,83.4,0.034,2548.5,99.33,368.0,2452.94,50.602
GPT-3.5-Turbo,South America,Translation,1079,16032,81.79,0.00946,1116.9,98.97,894.4,8645.88,72.7865
GPT-3.5-Turbo,North America,Translation,286,4648,80.06,0.00615,1092.3,100.0,889.2,13017.89,88.9936
GPT-3.5-Turbo,South America,Data Analysis,881,4877,86.09,0.00947,1096.5,99.19,937.8,9090.81,74.9064
Gemini-Ultra,North America,Chatbot,117,1585,87.89,0.04084,2086.7,100.0,483.2,2152.06,51.3866
Gemini-Ultra,North America,Code Generation,1411,8521,88.73,0.039,2856.1,98.59,353.2,2275.13,52.1273
Claude-3-Sonnet,Asia-Pacific,Summarization,1129,13052,86.75,0.01551,1208.7,99.12,804.9,5593.17,62.8828
Gemini-Ultra,Asia-Pacific,Data Analysis,12246,98758,91.63,0.03836,2493.2,99.14,474.0,2388.69,53.7159
Gemini-Ultra,North America,Chatbot,4066,45714,91.9,0.03674,2409.5,98.29,459.2,2501.36,54.1985
GPT-3.5-Turbo,Europe,Translation,811,4597,84.77,0.01062,1042.1,98.14,969.6,7982.11,70.8255
GPT-4,Europe,Summarization,4207,40230,93.17,0.05012,3084.2,98.68,292.1,1858.94,52.6355
Gemini-Ultra,South America,Content Creation,3425,26895,89.56,0.03949,2735.9,99.04,307.4,2267.92,52.45
Gemini-Pro,North America,Data Analysis,1151,12781,83.72,0.0129,1087.5,99.39,910.2,6489.92,65.2997
Mistral-7B,North America,Code Generation,3233,38536,77.12,0.0016,745.6,99.3,1356.4,48200.0,226.3282
Gemini-Pro,Asia-Pacific,Question Answering,605,9085,76.57,0.01078,1559.4,99.14,591.3,7102.97,66.2426
Claude-3-Sonnet,Asia-Pacific,Content Creation,465,2430,85.77,0.01601,1033.2,99.57,1030.7,5357.28,61.8169
GPT-4,Asia-Pacific,Data Analysis,1517,19532,93.93,0.04026,3354.0,98.53,278.0,2333.08,54.4762
Llama-3-70B,North America,Translation,1774,15499,82.95,0.00341,891.2,98.87,1194.3,24325.51,129.676
Gemini-Pro,South America,Question Answering,2182,10444,84.99,0.01349,1224.1,98.52,751.2,6300.22,64.8971
Mistral-7B,North America,Content Creation,422,4111,83.06,0.00198,646.7,99.36,1511.5,41949.49,193.3544
Claude-3-Opus,Asia-Pacific,Content Creation,2687,47755,94.51,0.05234,2899.3,100.0,306.1,1805.69,53.0557
Gemini-Ultra,Europe,Translation,13611,72556,90.17,0.02997,2741.6,99.73,321.6,3008.68,55.168
Claude-3-Opus,South America,Question Answering,1566,19404,91.74,0.03899,2724.5,99.79,320.7,2352.91,53.6377
GPT-4,South America,Chatbot,1224,16461,99.5,0.03414,2638.6,99.96,361.4,2914.47,58.6131
Claude-3-Opus,South America,Question Answering,13860,177771,96.1,0.04445,2726.4,98.27,354.5,2161.98,54.8725
Claude-3-Opus,Asia-Pacific,Chatbot,299,5396,93.53,0.05375,2737.5,99.09,356.1,1740.09,52.4195
Gemini-Ultra,Europe,Question Answering,674,4236,86.79,0.0418,2525.6,98.35,380.5,2076.32,50.6512
Gemini-Ultra,Europe,Summarization,337,3823,90.49,0.0341,2439.8,98.66,423.3,2653.67,54.1246
Claude-3-Opus,Europe,Translation,876,12277,90.23,0.03092,2068.9,98.28,496.7,2918.18,54.9141
Gemini-Ultra,North America,Code Generation,1739,27033,89.28,0.03446,2606.3,98.69,273.2,2590.83,53.4225
Gemini-Ultra,North America,Summarization,6488,32328,90.37,0.03475,2552.3,99.39,337.3,2600.58,53.8965
Gemini-Ultra,North America,Code Generation,5620,72559,93.13,0.03991,2697.3,99.18,333.5,2333.5,54.1561
GPT-4,Asia-Pacific,Content Creation,80,648,95.0,0.04382,2683.3,99.49,439.5,2167.96,54.4207
Claude-3-Sonnet,Europe,Summarization,747,11785,86.5,0.02135,1530.2,98.37,676.8,4051.52,57.4322
Claude-3-Opus,South America,Translation,754,6503,87.41,0.04703,3255.0,99.58,257.9,1858.6,50.1454
Gemini-Ultra,Asia-Pacific,Question Answering,6164,28554,85.08,0.04437,2345.5,98.67,436.8,1917.51,49.3866
Mistral-7B,Europe,Content Creation,10496,62568,73.63,0.00199,740.1,99.15,1329.3,37000.0,187.839
Claude-3-Opus,Europe,Translation,778,4584,91.11,0.03944,2780.1,99.28,404.9,2310.09,53.2334
GPT-4,Middle East,Summarization,121,837,90.02,0.04586,3558.4,100.0,312.9,1962.93,51.6079
Claude-3-Opus,North America,Question Answering,1721,12943,89.84,0.04037,2872.9,99.68,256.8,2225.41,52.4209
Claude-3-Opus,North America,Translation,455,6888,89.74,0.04636,3072.9,98.8,411.4,1935.72,51.4062
Gemini-Ultra,Europe,Translation,618,7208,92.31,0.04343,2530.4,99.32,375.6,2125.49,53.1417
Gemini-Ultra,Asia-Pacific,Code Generation,2014,34618,90.65,0.03214,2495.8,99.36,413.4,2820.47,54.7393
Claude-3-Sonnet,North America,Content Creation,3497,23848,91.12,0.01159,2221.7,99.73,461.3,7861.95,71.5344
Claude-3-Opus,Europe,Data Analysis,1767,21352,94.91,0.03877,2652.7,99.7,493.6,2448.03,55.2683
Llama-3-70B,North America,Code Generation,1152,12467,85.26,0.00323,981.1,98.62,950.3,26396.28,135.7131
GPT-4,North America,Data Analysis,3099,25255,94.29,0.04929,3060.1,98.82,361.6,1912.96,53.2968
GPT-4,Asia-Pacific,Summarization,4176,52573,90.8,0.04402,2616.9,98.78,374.9,2062.7,52.2915
Mistral-7B,North America,Data Analysis,80,438,83.28,0.002,660.3,99.2,1506.4,41640.0,191.9429
Llama-3-70B,North America,Question Answering,356,2948,80.13,0.00374,619.4,99.5,1552.5,21425.13,120.6018
Gemini-Ultra,Asia-Pacific,Code Generation,5265,29924,91.02,0.04302,3178.1,98.44,282.2,2115.76,52.5464
Gemini-Pro,Europe,Translation,1148,8200,80.44,0.00999,1333.5,99.27,771.3,8052.05,70.4
Llama-3-70B,North America,Content Creation,256,2606,84.18,0.00493,1052.7,99.26,901.6,17075.05,103.1319
Gemini-Ultra,South America,Translation,21356,110182,88.05,0.03904,2828.6,98.12,294.1,2255.38,51.7801
Claude-3-Opus,North America,Content Creation,824,8065,95.56,0.04556,3037.9,99.83,333.6,2097.45,54.4306
GPT-4,North America,Data Analysis,1160,17271,93.35,0.04745,2852.5,97.59,351.4,1967.33,53.0676
Mistral-7B,North America,Summarization,144,469,73.73,0.00273,715.9,99.32,1428.0,27007.33,147.0345
Gemini-Pro,South America,Translation,204,1577,89.61,0.01052,1216.4,99.85,862.6,8518.06,73.4865
Gemini-Pro,Asia-Pacific,Translation,6717,45487,82.85,0.01321,1191.2,99.06,841.5,6271.76,64.303
Llama-3-70B,Asia-Pacific,Content Creation,243,793,75.9,0.00378,524.2,99.58,1787.2,20079.37,117.6966
Claude-3-Sonnet,North America,Summarization,1807,20352,83.46,0.02134,1664.5,99.55,622.7,3910.97,55.9083
Gemini-Pro,North America,Content Creation,921,13578,84.67,0.01396,1151.6,97.96,881.1,6065.19,63.9986
Claude-3-Sonnet,North America,Summarization,3246,57052,87.52,0.01873,1448.7,99.97,610.2,4672.72,59.9151
Gemini-Ultra,North America,Translation,305,2523,90.7,0.03452,2487.2,99.45,404.6,2627.46,54.121
Gemini-Pro,Europe,Data Analysis,379,2173,88.49,0.01312,1077.7,99.29,952.8,6744.66,67.2964
Llama-3-70B,Asia-Pacific,Code Generation,3952,30283,79.93,0.00374,644.6,99.33,1582.3,21371.66,120.4892
GPT-3.5-Turbo,North America,Content Creation,217,3754,77.37,0.00837,1534.5,99.15,642.2,9243.73,74.6576
Gemini-Pro,Europe,Translation,564,6487,83.71,0.0116,1053.6,99.4,967.7,7216.38,67.9069
Claude-3-Sonnet,Middle East,Data Analysis,955,7339,93.07,0.01391,1543.6,98.79,669.1,6690.87,68.2318
Mistral-7B,North America,Content Creation,920,9678,80.15,0.0027,809.3,99.28,1175.5,29685.19,151.4332
Gemini-Ultra,Europe,Question Answering,2006,14415,87.5,0.04102,2773.5,98.9,337.1,2133.11,51.1356
Claude-3-Opus,North America,Question Answering,1268,13489,92.85,0.03545,2151.8,98.41,384.6,2619.18,54.9806
Gemini-Pro,South America,Code Generation,1023,9294,81.6,0.01358,906.0,99.64,1043.2,6008.84,63.1121
GPT-3.5-Turbo,South America,Summarization,2321,12363,83.11,0.00843,1114.0,98.3,996.8,9858.84,77.3217
Gemini-Ultra,Europe,Question Answering,315,2960,90.47,0.04261,2460.5,99.98,333.9,2123.21,52.3569
Mistral-7B,North America,Data Analysis,883,7575,78.22,0.00201,758.1,99.85,1300.6,38915.42,188.6275
Gemini-Ultra,Asia-Pacific,Question Answering,384,6152,82.81,0.04424,2448.2,99.52,491.9,1871.84,48.2679
GPT-4,North America,Translation,21263,192735,94.61,0.05097,2838.2,99.76,307.0,1856.19,53.2613
Llama-3-70B,Europe,Content Creation,1936,32239,78.43,0.00473,827.5,98.94,1139.6,16581.4,102.8816
Gemini-Ultra,Europe,Content Creation,491,2798,85.96,0.03867,1957.7,99.58,441.0,2222.91,50.8401
GPT-4,Europe,Code Generation,1083,6375,96.64,0.04687,2578.0,99.45,385.5,2061.87,54.7983
Mistral-7B,North America,Question Answering,1608,8602,77.1,0.0019,672.5,99.5,1431.3,40578.95,196.7421
Claude-3-Opus,North America,Chatbot,2341,23802,87.3,0.04296,3152.0,97.29,357.0,2032.12,50.6967
Claude-3-Opus,Asia-Pacific,Summarization,674,3942,95.12,0.04032,3723.2,99.32,360.7,2359.13,55.0542
Gemini-Ultra,Europe,Content Creation,2227,14559,91.68,0.04493,2191.1,99.0,400.5,2040.51,52.6083
Claude-3-Opus,Europe,Translation,240,1262,91.54,0.03193,2938.7,98.93,319.2,2866.9,55.2336
Gemini-Pro,Europe,Chatbot,557,9327,87.53,0.01163,1013.7,99.48,952.8,7526.23,69.7577
Claude-3-Opus,Asia-Pacific,Question Answering,662,3240,88.87,0.03665,2819.0,99.52,387.8,2424.83,52.6915
Mistral-7B,Middle East,Translation,1559,26175,75.86,0.00187,722.7,99.17,1316.8,40566.84,198.6345
GPT-4,North America,Content Creation,1225,13838,91.25,0.05523,2945.3,99.59,445.1,1652.18,51.1247
Gemini-Pro,North America,Question Answering,192,3307,83.59,0.01055,1219.8,100.0,825.5,7923.22,70.395
GPT-3.5-Turbo,Asia-Pacific,Code Generation,287,2399,90.48,0.00971,1485.1,98.24,681.8,9318.23,76.2707
Gemini-Ultra,North America,Chatbot,754,9327,86.96,0.04515,2544.0,98.87,424.1,1926.02,50.2031
Claude-3-Sonnet,South America,Summarization,726,5258,91.38,0.01551,1660.4,99.14,707.5,5891.68,65.1528
Gemini-Pro,North America,Data Analysis,1415,21894,74.13,0.01316,1693.1,99.45,542.7,5632.98,59.9795
GPT-4,Asia-Pacific,Data Analysis,2090,9677,88.31,0.04776,2387.2,98.2,482.7,1849.04,50.5202
GPT-3.5-Turbo,South America,Question Answering,754,5645,81.34,0.01065,831.4,99.2,1183.1,7637.56,69.0796
Gemini-Pro,Asia-Pacific,Code Generation,6067,52540,88.77,0.01266,1478.9,99.15,739.8,7011.85,68.2169
Claude-3-Sonnet,North America,Translation,536,6106,88.4,0.02203,1591.2,98.43,588.4,4012.71,57.9435
Claude-3-Sonnet,North America,Data Analysis,80,1438,83.95,0.0159,1386.8,99.45,669.1,5279.87,60.9871
Claude-3-Opus,Asia-Pacific,Translation,364,2979,89.29,0.03505,3732.2,99.83,200.4,2547.5,53.2578
Mistral-7B,Asia-Pacific,Summarization,160,1157,69.18,0.00235,681.0,99.74,1361.4,29438.3,162.5433
Llama-3-70B,North America,Question Answering,1545,24431,82.89,0.00461,1228.5,98.53,837.7,17980.48,106.6837
Mistral-7B,Asia-Pacific,Translation,269,1957,84.72,0.00186,726.7,98.72,1361.7,45548.39,203.9255
GPT-3.5-Turbo,Europe,Summarization,142,772,78.18,0.00687,1344.1,100.0,664.7,11379.91,82.9069
Claude-3-Opus,Asia-Pacific,Question Answering,80,1106,88.76,0.04609,2615.6,99.45,493.3,1925.8,50.9655
Mistral-7B,Asia-Pacific,Question Answering,580,3361,71.02,0.00233,774.4,99.02,1293.2,30480.69,164.5236
GPT-4,North America,Chatbot,136,2046,91.09,0.05717,3264.2,98.55,348.3,1593.32,50.8538
Gemini-Pro,Asia-Pacific,Code Generation,4527,70185,83.81,0.01445,1519.3,98.81,592.2,5800.0,62.7979
GPT-4,South America,Translation,689,7226,91.25,0.04335,3257.5,99.42,309.2,2104.96,52.6068
Claude-3-Sonnet,Asia-Pacific,Content Creation,697,10532,81.37,0.01986,1353.9,98.5,707.4,4097.18,55.9385
Claude-3-Sonnet,Europe,Chatbot,706,10160,89.9,0.01737,1985.3,99.3,579.4,5175.59,62.3219
Claude-3-Sonnet,Asia-Pacific,Data Analysis,5516,80179,87.25,0.02223,1594.2,98.68,697.4,3924.88,57.2457
Claude-3-Sonnet,North America,Question Answering,2224,36673,87.65,0.01962,1831.6,99.58,561.5,4467.38,59.2247
Gemini-Ultra,Asia-Pacific,Translation,796,10984,88.63,0.03474,2162.2,98.72,444.0,2551.24,53.0431
GPT-3.5-Turbo,Europe,Content Creation,144,988,81.32,0.01031,1070.0,99.76,964.4,7887.49,69.9449
Gemini-Pro,Europe,Code Generation,4993,35811,88.54,0.01223,947.0,98.99,1107.9,7239.57,69.011
Llama-3-70B,Asia-Pacific,Chatbot,1712,26593,80.87,0.00467,1024.6,98.8,998.7,17316.92,104.87
Gemini-Ultra,North America,Content Creation,1414,6192,87.54,0.04382,2707.9,98.99,345.8,1997.72,50.69
Gemini-Ultra,North America,Summarization,2075,11170,92.71,0.03292,2424.3,99.13,405.8,2816.22,55.5505
Gemini-Pro,Europe,Code Generation,3663,26353,88.67,0.01326,1514.3,100.0,708.7,6687.03,67.0915
Claude-3-Opus,Europe,Summarization,1379,24589,95.91,0.03509,3236.3,99.42,239.0,2733.26,56.5662
Gemini-Pro,Europe,Summarization,6451,68389,82.95,0.00614,1275.8,99.77,784.1,13509.77,90.4917
Gemini-Ultra,Asia-Pacific,Chatbot,2275,30763,90.55,0.03801,2104.2,99.76,529.1,2382.27,53.2627
Gemini-Pro,North America,Translation,1518,18655,85.97,0.01024,1697.4,98.86,572.4,8395.51,72.3997
GPT-3.5-Turbo,Asia-Pacific,Question Answering,1401,17689,84.75,0.00604,1731.8,98.54,561.8,14031.46,92.1594
GPT-4,North America,Translation,1092,13546,91.84,0.04409,2871.9,98.9,358.0,2083.01,52.7939
Llama-3-70B,South America,Data Analysis,335,4495,79.47,0.00383,951.8,98.66,1100.4,20749.35,118.2741
GPT-4,Middle East,Content Creation,1306,13737,91.71,0.04382,2821.8,98.74,345.5,2092.88,52.7721
Mistral-7B,North America,Translation,119,499,73.69,0.00169,795.7,98.59,1218.7,43603.55,214.6111
GPT-3.5-Turbo,North America,Data Analysis,5324,25788,85.08,0.00689,1071.5,98.64,931.7,12348.33,86.268
Claude-3-Opus,Europe,Content Creation,297,4565,89.34,0.03301,2706.3,98.37,408.6,2706.45,53.8321
Llama-3-70B,North America,Chatbot,80,1181,80.47,0.00336,1180.8,98.97,938.5,23949.4,129.6901
Llama-3-70B,North America,Translation,2587,12002,76.32,0.00402,867.2,100.0,1133.5,18985.07,113.0175
Claude-3-Sonnet,Asia-Pacific,Question Answering,316,4851,88.12,0.01587,1599.8,97.71,627.2,5552.61,63.0886
GPT-4,Europe,Translation,5156,83454,92.8,0.04557,2964.8,98.78,317.2,2036.43,53.0507
Gemini-Ultra,North America,Summarization,407,6252,92.07,0.03705,2520.9,99.39,379.2,2485.02,54.2115
GPT-3.5-Turbo,Europe,Content Creation,245,1455,83.68,0.00694,1241.9,98.54,839.3,12057.64,85.2287
Gemini-Ultra,South America,Data Analysis,301,1073,91.83,0.03988,2919.7,99.53,335.4,2302.66,53.5061
Gemini-Ultra,North America,Chatbot,192,1934,89.13,0.03946,2441.9,97.92,303.5,2258.74,52.2495
Gemini-Ultra,North America,Chatbot,80,913,94.28,0.03617,2314.2,98.54,552.6,2606.58,55.5206
Claude-3-Sonnet,Europe,Chatbot,1197,12875,92.17,0.01714,1566.1,99.12,617.3,5377.48,63.7156
Mistral-7B,North America,Summarization,428,5406,71.93,0.00173,814.3,98.88,1299.5,41578.03,209.621
Llama-3-70B,Asia-Pacific,Chatbot,403,3051,89.32,0.00382,1020.3,99.2,1044.9,23382.2,123.3901
GPT-4,North America,Code Generation,697,12160,94.26,0.04618,3164.1,98.35,257.4,2041.14,53.6895
Gemini-Pro,South America,Summarization,3987,65205,87.34,0.01375,1594.5,98.82,615.7,6352.0,65.6136
Claude-3-Sonnet,North America,Code Generation,3279,55990,85.59,0.01454,1248.1,99.31,798.5,5886.52,63.588
Claude-3-Opus,North America,Code Generation,1686,18041,93.94,0.0428,3232.4,98.63,396.7,2194.86,54.0412
Llama-3-70B,South America,Content Creation,3929,30491,78.74,0.00351,794.6,98.11,1270.0,22433.05,125.0918
Gemini-Ultra,Europe,Translation,8320,68012,96.56,0.04256,2532.8,99.85,352.5,2268.8,55.4078
Claude-3-Opus,South America,Data Analysis,1265,16886,91.46,0.04516,2863.4,99.43,358.1,2025.24,52.4429
Gemini-Ultra,North America,Code Generation,274,5084,92.69,0.03836,2434.2,98.63,414.7,2416.32,54.2478
Gemini-Ultra,Europe,Data Analysis,1386,21407,90.82,0.04025,2366.5,99.07,429.0,2256.4,52.9479
Gemini-Pro,North America,Question Answering,606,7705,78.58,0.01417,1205.8,99.1,895.6,5545.52,60.6274
Mistral-7B,Europe,Question Answering,420,3065,75.66,0.00157,815.7,99.11,1198.2,48191.08,229.158
Llama-3-70B,Asia-Pacific,Question Answering,165,1267,79.25,0.00419,987.4,98.87,1014.5,18914.08,111.4266
GPT-3.5-Turbo,Europe,Summarization,1618,28323,89.03,0.009,1124.4,98.76,902.7,9892.22,78.0262
Llama-3-70B,Asia-Pacific,Chatbot,276,1507,71.78,0.00516,869.6,99.38,1209.8,13910.85,94.2595
Llama-3-70B,North America,Translation,617,5919,86.21,0.00529,895.2,98.78,1098.2,16296.79,100.0392
Mistral-7B,North America,Chatbot,569,5388,77.61,0.00288,682.0,99.27,1500.9,26947.92,143.2649
Mistral-7B,Europe,Code Generation,1167,15980,84.13,0.00175,647.2,99.3,1552.7,48074.29,213.8026
Gemini-Ultra,Europe,Translation,4588,42670,91.87,0.03772,2877.9,98.08,354.7,2435.58,53.9578
Gemini-Pro,North America,Data Analysis,794,11335,88.58,0.00964,1569.3,98.89,640.9,9188.8,75.5378
Gemini-Pro,Asia-Pacific,Question Answering,579,3097,86.0,0.0129,926.0,98.51,1065.8,6666.67,66.4718
Mistral-7B,Europe,Code Generation,1488,7742,71.8,0.00189,555.4,99.34,1781.8,37989.42,194.9903
Claude-3-Sonnet,North America,Translation,464,7819,82.83,0.01593,1740.4,99.6,522.1,5199.62,60.3623
Gemini-Ultra,Europe,Translation,21118,306835,91.11,0.03247,2139.8,98.98,432.3,2805.97,54.8878
Gemini-Ultra,North America,Question Answering,224,961,93.4,0.03334,2121.2,99.61,489.9,2801.44,55.7925
Gemini-Ultra,Asia-Pacific,Data Analysis,11144,130792,89.18,0.03483,2663.5,99.01,459.7,2560.44,53.2784
Claude-3-Sonnet,Europe,Content Creation,1399,8113,85.84,0.01267,1713.3,98.81,620.9,6775.06,66.7147
Gemini-Ultra,North America,Code Generation,173,823,91.85,0.034,2586.9,99.35,393.7,2701.47,54.8258
GPT-3.5-Turbo,North America,Code Generation,207,2604,83.25,0.00789,1061.5,98.58,942.7,10551.33,79.8362
Gemini-Pro,Europe,Data Analysis,950,12525,78.1,0.00787,1607.9,99.76,733.2,9923.76,77.2938
Gemini-Ultra,Europe,Data Analysis,910,7277,97.8,0.03702,1984.6,98.38,502.1,2641.82,57.1045
Claude-3-Sonnet,Asia-Pacific,Content Creation,1633,18425,86.59,0.01714,1657.2,99.12,661.5,5051.93,60.9186
GPT-3.5-Turbo,North America,Chatbot,172,2200,82.04,0.00669,1215.0,98.27,907.7,12263.08,86.0277
Claude-3-Sonnet,North America,Chatbot,4246,67108,91.59,0.01771,1774.7,99.66,678.2,5171.65,62.8473
Gemini-Pro,Europe,Content Creation,760,11440,85.13,0.01189,1260.5,99.82,801.7,7159.8,67.955
GPT-3.5-Turbo,South America,Translation,224,3095,83.8,0.00428,1264.6,99.31,822.7,19579.44,112.1516
Claude-3-Sonnet,South America,Content Creation,3553,29024,83.59,0.02164,1899.0,99.79,464.3,3862.75,55.7635
Gemini-Ultra,North America,Summarization,334,3258,93.47,0.04161,2216.0,99.9,509.8,2246.34,54.0351
Claude-3-Sonnet,Europe,Data Analysis,1069,11990,84.47,0.02225,1134.6,98.39,851.6,3796.4,55.8944
GPT-4,North America,Content Creation,861,9896,96.19,0.04703,2441.3,98.56,493.4,2045.29,54.5558
Mistral-7B,North America,Translation,262,1399,77.63,0.00287,757.3,99.72,1361.5,27048.78,143.6087
Claude-3-Opus,Europe,Summarization,2365,15855,97.22,0.03391,2573.5,99.38,385.9,2867.0,57.5347
Gemini-Ultra,Europe,Content Creation,250,1478,97.38,0.04129,2106.2,100.0,473.8,2358.44,56.0506
Claude-3-Sonnet,North America,Code Generation,2663,40883,91.77,0.01972,1821.9,98.41,480.6,4653.65,61.2078
Gemini-Pro,Europe,Summarization,739,6610,83.46,0.01353,1502.1,99.82,607.0,6168.51,64.0361
Mistral-7B,Asia-Pacific,Summarization,80,1190,73.4,0.00183,727.1,99.19,1345.6,40109.29,200.9095
GPT-4,Europe,Code Generation,723,4221,91.29,0.03943,2809.0,99.03,404.0,2315.24,53.3246
Claude-3-Opus,Asia-Pacific,Content Creation,11976,58089,93.0,0.04079,2672.9,98.49,446.7,2279.97,53.9296
Claude-3-Opus,North America,Content Creation,9408,54168,91.1,0.03496,2936.8,99.19,306.5,2605.84,54.1993
GPT-3.5-Turbo,South America,Summarization,81,1372,80.14,0.00816,1313.7,99.23,682.4,9821.08,76.9869
Llama-3-70B,South America,Content Creation,316,2980,91.63,0.00367,623.6,98.36,1604.2,24967.3,127.8796
Claude-3-Opus,Asia-Pacific,Summarization,665,5620,93.49,0.0339,2355.9,98.26,487.9,2757.82,55.6795
Gemini-Ultra,Europe,Question Answering,1579,28385,89.63,0.03027,2857.4,99.35,276.3,2961.02,54.7958
Llama-3-70B,Asia-Pacific,Translation,674,6990,82.64,0.00423,856.1,99.41,1099.4,19536.64,112.4756
GPT-4,Europe,Chatbot,632,2765,89.22,0.04433,2946.1,99.02,337.4,2012.63,51.4453
GPT-4,North America,Question Answering,1578,23778,94.98,0.04195,2072.9,99.56,504.0,2264.12,54.7379
Llama-3-70B,Europe,Summarization,393,3639,83.59,0.00388,711.1,99.73,1543.8,21543.81,119.3958
Mistral-7B,North America,Content Creation,459,7683,79.04,0.00226,686.3,99.66,1359.0,34973.45,172.5548
Mistral-7B,North America,Summarization,431,2176,75.6,0.00203,563.3,98.76,1711.0,37241.38,185.9383
Gemini-Pro,Asia-Pacific,Data Analysis,3200,15922,80.1,0.01554,771.8,98.97,1301.2,5154.44,59.6142
Gemini-Pro,Europe,Translation,1736,11084,82.15,0.01281,1030.7,98.97,932.6,6412.96,64.6882
Llama-3-70B,Europe,Content Creation,6041,95714,86.37,0.00288,1266.1,99.05,823.7,29989.58,147.5096
Claude-3-Opus,North America,Summarization,5871,83813,87.63,0.04261,2866.4,98.71,370.1,2056.56,50.9254
Mistral-7B,Europe,Summarization,1726,30610,77.99,0.00159,569.9,98.99,1823.1,49050.31,228.0252
Claude-3-Opus,Europe,Code Generation,196,1990,96.64,0.03938,2266.3,100.0,521.0,2454.04,56.0263
Mistral-7B,Asia-Pacific,Question Answering,842,12541,67.89,0.00222,747.6,100.0,1370.5,30581.08,169.3477
Gemini-Ultra,Europe,Content Creation,2634,22097,92.59,0.03395,1961.8,99.04,525.7,2727.25,55.2335
Gemini-Ultra,North America,Chatbot,375,1679,88.51,0.04489,2387.5,98.85,351.7,1971.71,51.0218
Claude-3-Sonnet,North America,Code Generation,2713,33341,82.57,0.01933,1780.9,98.58,518.4,4271.6,56.9172
Claude-3-Opus,North America,Data Analysis,1759,16425,97.03,0.03179,2458.9,99.23,387.3,3052.22,58.0333
GPT-3.5-Turbo,Asia-Pacific,Question Answering,1509,21100,83.14,0.01046,838.3,99.7,1177.4,7948.37,70.4893
GPT-4,North America,Chatbot,291,3253,95.47,0.05256,2967.6,99.23,295.3,1816.4,53.5102
Mistral-7B,Asia-Pacific,Data Analysis,2157,18011,70.71,0.00301,695.0,99.25,1470.7,23491.69,135.3105
Gemini-Ultra,South America,Content Creation,3313,48668,88.24,0.03658,2870.4,99.64,279.7,2412.25,52.3909
Claude-3-Opus,North America,Chatbot,1417,14341,93.91,0.03699,2203.7,98.69,421.9,2538.79,55.1561
Claude-3-Sonnet,Asia-Pacific,Chatbot,3844,22968,90.71,0.02214,1438.6,99.4,677.1,4097.11,59.0442
Llama-3-70B,South America,Summarization,23270,376831,84.97,0.00357,1052.5,99.23,930.0,23801.12,126.7086
GPT-3.5-Turbo,North America,Content Creation,539,3466,82.95,0.00774,1197.4,98.84,815.5,10717.05,80.4017
Claude-3-Opus,Asia-Pacific,Data Analysis,2207,39196,92.44,0.04759,3220.3,98.38,360.8,1942.42,52.586
Claude-3-Opus,Middle East,Chatbot,828,5560,93.35,0.04587,2271.9,100.0,353.2,2035.1,53.3033
Claude-3-Opus,Asia-Pacific,Translation,2243,39670,86.01,0.0427,2776.8,98.91,320.6,2014.29,50.1028
Llama-3-70B,Asia-Pacific,Code Generation,220,918,85.09,0.00362,1033.9,98.58,1015.1,23505.52,125.6114
Mistral-7B,Middle East,Question Answering,1400,17047,67.63,0.00182,639.8,98.87,1560.9,37159.34,198.9628
GPT-4,North America,Chatbot,1187,14557,88.9,0.03428,2663.6,99.47,400.3,2593.35,53.2765
Claude-3-Opus,Europe,Translation,3607,27400,96.13,0.04538,2114.7,99.15,473.9,2118.33,54.7704
Mistral-7B,North America,Translation,143,511,72.43,0.00226,715.4,99.24,1348.1,32048.67,169.2379
Gemini-Ultra,North America,Question Answering,709,6774,93.26,0.03747,2359.3,98.83,478.5,2488.92,54.7212
Claude-3-Opus,Asia-Pacific,Chatbot,3943,63583,92.69,0.03987,2812.7,99.14,314.9,2324.81,53.9406
Claude-3-Sonnet,Middle East,Summarization,2618,41945,85.31,0.01374,1381.1,98.86,775.6,6208.88,64.6339
Gemini-Pro,Middle East,Code Generation,157,1593,80.85,0.00799,1352.8,100.0,716.4,10118.9,78.1198
Llama-3-70B,Middle East,Code Generation,3148,26594,83.07,0.00423,986.7,98.62,953.6,19638.3,112.6597
Claude-3-Opus,Asia-Pacific,Chatbot,8289,49261,90.02,0.02335,2587.3,99.02,387.0,3855.25,57.9353
GPT-4,Asia-Pacific,Code Generation,4612,81788,99.22,0.04297,3500.4,100.0,323.4,2309.05,56.6488
Gemini-Ultra,Europe,Data Analysis,1671,16456,88.78,0.0397,2907.4,98.91,312.8,2236.27,52.0155
GPT-3.5-Turbo,North America,Data Analysis,437,3463,84.58,0.0087,1026.0,99.86,975.4,9721.84,76.9677
Gemini-Pro,Europe,Content Creation,375,4971,82.67,0.01134,1355.8,99.62,675.1,7290.12,67.9375
Llama-3-70B,Asia-Pacific,Summarization,212,3373,89.4,0.00357,692.6,99.19,1454.6,25042.02,129.0224
Mistral-7B,South America,Question Answering,2396,35430,71.56,0.00231,437.8,97.89,2000.0,30978.35,166.107
Llama-3-70B,North America,Chatbot,80,801,77.68,0.00445,1026.1,98.76,962.7,17456.18,106.4506
Gemini-Ultra,Europe,Code Generation,1187,8382,90.11,0.04341,2723.4,98.83,328.2,2075.79,52.0393
Mistral-7B,Europe,Translation,596,8296,68.23,0.00179,655.7,99.35,1555.5,38117.32,202.0178
Gemini-Ultra,Europe,Summarization,1177,6577,91.0,0.03712,3018.2,100.0,324.1,2451.51,53.6482
Llama-3-70B,North America,Summarization,572,9271,77.07,0.00291,1051.8,99.76,971.7,26484.54,141.8179
GPT-3.5-Turbo,South America,Translation,85,925,86.93,0.00613,1246.3,99.4,719.2,14181.08,92.5651
Mistral-7B,North America,Content Creation,3511,50599,75.79,0.00192,612.1,98.58,1753.8,39473.96,194.4717
Mistral-7B,Europe,Code Generation,203,1231,74.0,0.00326,671.6,98.98,1492.8,22699.39,129.3223
Claude-3-Opus,Asia-Pacific,Code Generation,255,4235,93.71,0.04686,3133.4,97.64,340.3,1999.79,53.3209
GPT-3.5-Turbo,Middle East,Translation,2388,37426,78.87,0.00834,1277.6,99.99,827.1,9456.83,75.5628
Gemini-Pro,Europe,Data Analysis,2414,21116,84.69,0.01402,1190.1,98.24,915.5,6040.66,63.9111
Mistral-7B,South America,Question Answering,2722,14191,78.69,0.00221,649.2,98.45,1566.1,35606.33,175.3997
GPT-4,Asia-Pacific,Content Creation,303,2140,88.31,0.04746,3234.5,99.47,305.0,1860.72,50.5379
GPT-3.5-Turbo,South America,Question Answering,99,498,80.87,0.00873,1209.1,98.11,927.8,9263.46,74.9647
GPT-3.5-Turbo,Europe,Data Analysis,4807,60775,83.43,0.00545,1222.1,99.76,893.7,15308.26,96.9245
Claude-3-Sonnet,Europe,Question Answering,80,955,88.66,0.01636,1942.4,98.72,430.4,5419.32,62.7704
Claude-3-Sonnet,North America,Translation,486,8291,89.46,0.02155,1302.5,99.13,740.4,4151.28,58.8047
GPT-3.5-Turbo,South America,Chatbot,932,13351,79.98,0.00794,1153.4,99.41,798.7,10073.05,77.9468
Claude-3-Opus,Asia-Pacific,Code Generation,1939,28298,91.63,0.03807,2522.3,98.92,452.5,2406.88,53.7745
GPT-3.5-Turbo,Europe,Question Answering,505,5222,88.16,0.00642,1277.3,99.19,762.1,13732.09,90.9656
GPT-3.5-Turbo,Asia-Pacific,Data Analysis,640,10466,78.48,0.01042,855.8,98.99,1189.1,7531.67,68.2645
Claude-3-Sonnet,Middle East,Summarization,1143,12998,87.44,0.01252,1605.2,99.62,577.1,6984.03,67.8063
Gemini-Pro,North America,Summarization,387,1923,83.3,0.01237,1046.2,98.56,921.1,6734.03,66.0934
GPT-3.5-Turbo,Europe,Translation,783,9803,83.82,0.00692,1173.6,99.54,863.1,12112.72,85.433
GPT-4,Europe,Data Analysis,241,4045,93.7,0.03929,3021.0,98.6,299.4,2384.83,54.5517
Llama-3-70B,Asia-Pacific,Question Answering,191,1414,80.27,0.00562,1004.5,98.42,990.9,14282.92,93.7149
Gemini-Ultra,Europe,Question Answering,652,10401,92.22,0.03044,2221.2,99.15,422.3,3029.57,56.0555
Gemini-Pro,Asia-Pacific,Question Answering,275,4904,83.19,0.00935,1573.3,99.12,627.7,8897.33,73.8077
GPT-4,North America,Data Analysis,281,3463,88.94,0.04055,2655.2,99.08,358.0,2193.34,51.9436
Claude-3-Sonnet,North America,Data Analysis,5890,93891,87.88,0.023,1204.3,99.63,815.5,3820.87,57.1495
Gemini-Ultra,North America,Code Generation,25397,205169,87.01,0.03404,2605.2,100.0,423.7,2556.11,52.3949
GPT-4,North America,Chatbot,2052,15330,93.1,0.05364,2587.2,99.75,444.5,1735.65,52.2201
Claude-3-Sonnet,Europe,Chatbot,954,10909,92.2,0.01755,1574.2,100.0,627.5,5253.56,63.3211
Gemini-Pro,South America,Question Answering,2023,14399,82.09,0.01386,1314.3,97.75,783.0,5922.8,62.8422
GPT-3.5-Turbo,North America,Code Generation,3278,36633,80.65,0.00404,1054.7,99.11,916.0,19962.87,114.7721
Gemini-Pro,Europe,Content Creation,1158,6933,84.39,0.01275,1277.3,99.19,765.4,6618.82,65.881
Claude-3-Opus,North America,Chatbot,170,2520,94.34,0.02975,3623.2,99.64,263.2,3171.09,57.3092
Llama-3-70B,North America,Chatbot,2165,37847,67.47,0.00457,956.5,98.55,996.2,14763.68,99.5896
GPT-4,Europe,Content Creation,254,3777,87.63,0.04005,3406.7,100.0,281.6,2188.01,51.3643
Claude-3-Opus,North America,Content Creation,3940,50158,92.45,0.04261,3384.0,99.83,297.1,2169.68,53.3247
Claude-3-Sonnet,Asia-Pacific,Summarization,512,3642,86.08,0.01645,1431.4,98.86,685.3,5232.83,61.4168
Claude-3-Sonnet,North America,Question Answering,1345,5689,87.53,0.0117,1362.0,99.75,689.2,7481.2,69.5529
GPT-4,North America,Summarization,1938,11575,91.83,0.0523,2917.3,99.27,319.9,1755.83,51.7197
Llama-3-70B,South America,Data Analysis,600,9939,76.01,0.00559,861.1,98.81,1243.2,13597.5,91.9045
Claude-3-Opus,Middle East,Content Creation,1984,14928,91.27,0.03964,2872.7,99.31,248.3,2302.47,53.2727
Llama-3-70B,North America,Content Creation,756,6686,80.56,0.00201,769.0,98.83,1234.3,40079.6,189.7938
Claude-3-Sonnet,Middle East,Content Creation,80,764,89.92,0.01566,1546.7,98.9,655.8,5742.02,64.2464
Gemini-Ultra,Asia-Pacific,Data Analysis,1739,7630,90.61,0.04403,2362.8,98.96,394.9,2057.92,52.2032
Gemini-Ultra,Europe,Summarization,209,1055,88.78,0.03588,2076.7,98.61,516.7,2474.36,52.8475
Gemini-Ultra,Europe,Summarization,395,2066,87.82,0.03354,2975.2,99.17,341.2,2618.37,52.9218
Gemini-Pro,Asia-Pacific,Code Generation,1030,8654,82.82,0.01196,1278.5,99.82,728.3,6924.75,66.65
Gemini-Pro,North America,Question Answering,413,4367,87.26,0.01419,1516.8,100.0,680.4,6149.4,64.9035
Claude-3-Opus,Europe,Summarization,6795,59073,92.48,0.05169,3058.8,98.79,328.3,1789.13,52.1092
Gemini-Ultra,Europe,Content Creation,264,2835,87.77,0.03377,2159.1,99.09,433.0,2599.05,52.8613
Gemini-Pro,Asia-Pacific,Data Analysis,1357,20060,81.11,0.01255,1539.1,98.82,754.6,6462.95,64.5893
Gemini-Ultra,North America,Content Creation,374,3807,92.11,0.02896,2625.1,98.73,355.9,3180.59,56.4903
Gemini-Pro,North America,Question Answering,1587,25480,91.15,0.01259,1144.7,99.24,882.4,7239.87,69.5782
Claude-3-Opus,North America,Question Answering,168,1802,94.92,0.03753,2683.5,99.41,511.0,2529.18,55.5281
Gemini-Pro,Asia-Pacific,Summarization,1272,11207,83.42,0.01353,1402.3,99.88,779.2,6165.56,64.0256
Claude-3-Opus,Asia-Pacific,Question Answering,444,4017,93.35,0.04526,2466.1,99.12,352.6,2062.53,53.3845
Llama-3-70B,Asia-Pacific,Question Answering,80,556,81.2,0.00393,954.5,97.94,1030.9,20661.58,117.1454
Gemini-Ultra,Asia-Pacific,Question Answering,247,2217,91.98,0.03378,2531.8,98.88,305.9,2722.91,54.95
GPT-3.5-Turbo,Asia-Pacific,Chatbot,80,1169,77.7,0.00862,850.1,99.03,1235.3,9013.92,73.8881
Gemini-Ultra,Europe,Chatbot,1165,14111,89.61,0.03551,2856.4,99.31,413.5,2523.51,53.3233
GPT-4,North America,Translation,1306,16239,96.5,0.05434,3097.7,98.57,354.3,1775.86,53.8354
GPT-4,North America,Code Generation,1477,23541,93.27,0.04732,3022.8,99.86,395.6,1971.05,53.041
GPT-3.5-Turbo,Asia-Pacific,Translation,1821,8812,84.57,0.0098,890.0,99.26,1119.5,8629.59,73.122
Gemini-Ultra,Europe,Summarization,1766,11290,90.91,0.03003,2630.4,98.83,424.2,3027.31,55.521
GPT-4,North America,Chatbot,899,14579,95.33,0.04485,3384.9,98.23,280.9,2125.53,54.413
GPT-3.5-Turbo,North America,Code Generation,160,1943,79.55,0.00917,642.7,100.0,1597.7,8675.03,72.8016
Claude-3-Opus,Asia-Pacific,Question Answering,82,542,89.76,0.03707,3076.0,99.42,428.9,2421.36,53.0378
Claude-3-Sonnet,Asia-Pacific,Summarization,147,782,89.92,0.01767,1780.1,99.29,616.3,5088.85,62.0503
GPT-4,Middle East,Translation,4272,58268,91.41,0.0463,2784.7,99.03,397.4,1974.3,52.2563
Gemini-Ultra,Europe,Chatbot,84,1142,91.37,0.03743,2225.2,99.62,443.0,2441.09,53.7898
Gemini-Ultra,Asia-Pacific,Translation,659,9419,88.29,0.0376,2406.9,98.6,433.5,2348.14,52.2068
Llama-3-70B,North America,Question Answering,223,3010,79.9,0.00443,817.0,98.69,1235.1,18036.12,107.9149
Mistral-7B,Europe,Code Generation,993,14936,74.5,0.0024,615.7,98.74,1613.1,31041.67,162.5748
GPT-3.5-Turbo,Middle East,Code Generation,194,1501,81.81,0.00766,1287.9,99.23,837.9,10680.16,80.2248
GPT-3.5-Turbo,Asia-Pacific,Question Answering,884,12524,79.22,0.00677,1187.3,99.45,733.7,11701.62,84.0916
Claude-3-Opus,Europe,Question Answering,625,9662,94.32,0.04137,3305.5,98.34,244.3,2279.91,54.4721
Claude-3-Sonnet,North America,Chatbot,9711,41058,88.47,0.02006,1307.1,99.19,664.1,4410.27,59.3431
Llama-3-70B,Middle East,Summarization,5851,35112,75.73,0.00627,884.1,99.15,1213.8,12078.15,85.9381
Gemini-Ultra,Asia-Pacific,Code Generation,418,3089,94.53,0.03466,2272.8,99.75,461.3,2727.35,56.0085
Gemini-Ultra,North America,Chatbot,1483,15360,86.95,0.0377,2045.9,99.87,488.4,2306.37,51.5303
GPT-4,Europe,Data Analysis,1131,19006,96.47,0.04882,3514.2,98.38,282.8,1976.03,54.4369
Gemini-Pro,North America,Question Answering,649,11342,91.75,0.01311,1085.0,99.22,881.7,6998.47,68.9426
Gemini-Ultra,Europe,Content Creation,650,9594,89.68,0.04159,2451.1,98.8,491.2,2156.29,52.1349
Claude-3-Opus,North America,Code Generation,2096,11351,88.85,0.04439,3025.9,99.55,382.1,2001.58,51.2494
Claude-3-Sonnet,North America,Translation,6857,59415,84.9,0.01489,1653.0,98.71,557.5,5701.81,62.7187
Llama-3-70B,North America,Summarization,806,7080,79.68,0.00427,985.0,98.87,991.0,18660.42,110.3007
Gemini-Pro,North America,Translation,1054,9756,86.02,0.01315,1274.3,99.92,760.5,6541.44,65.9806
Claude-3-Sonnet,South America,Question Answering,407,6304,85.61,0.02031,1529.1,98.5,747.6,4215.16,57.7068
Claude-3-Opus,Middle East,Question Answering,3201,14910,92.28,0.04604,2881.3,99.16,331.9,2004.34,52.7255
Claude-3-Sonnet,Europe,Translation,1180,12959,86.74,0.02277,1593.5,98.62,634.3,3809.4,56.6707
Mistral-7B,North America,Question Answering,769,13317,76.17,0.00132,757.2,99.44,1345.4,57704.55,265.6219
Claude-3-Sonnet,Europe,Chatbot,7227,42268,93.0,0.02408,1462.0,98.7,713.2,3862.13,59.0953
Mistral-7B,Asia-Pacific,Chatbot,554,2776,82.4,0.00167,759.4,98.45,1350.3,49341.32,221.1041
GPT-3.5-Turbo,South America,Chatbot,246,2493,84.74,0.00632,1073.2,99.3,999.8,13408.23,90.0247
Llama-3-70B,Europe,Content Creation,929,15727,84.52,0.00398,1100.4,98.55,749.9,21236.18,117.8186
GPT-4,Asia-Pacific,Code Generation,99,931,89.24,0.04751,2874.6,99.95,311.2,1878.34,51.004
Mistral-7B,South America,Chatbot,600,4940,69.68,0.00224,465.6,98.02,2000.0,31107.14,169.1981
Gemini-Ultra,Middle East,Content Creation,146,975,95.43,0.03671,2705.3,98.64,366.8,2599.56,55.9611
Llama-3-70B,North America,Summarization,579,6984,77.38,0.00431,882.8,99.88,1089.0,17953.6,108.5221
Llama-3-70B,North America,Translation,1082,7617,88.08,0.00456,904.1,99.13,953.7,19315.79,110.0507
Gemini-Pro,Asia-Pacific,Data Analysis,517,2452,89.21,0.01038,1207.1,98.69,756.0,8594.41,73.6724
Gemini-Ultra,Europe,Code Generation,693,11693,94.27,0.04065,1824.8,98.86,519.9,2319.07,54.6247
Gemini-Pro,Europe,Content Creation,1674,21362,86.16,0.01073,1311.4,98.78,783.3,8029.82,71.1915
Gemini-Ultra,North America,Chatbot,230,1994,90.79,0.02958,2559.2,99.13,398.1,3069.3,55.6151
Claude-3-Opus,North America,Content Creation,455,7184,93.96,0.04037,3328.3,98.6,300.3,2327.47,54.4714
Claude-3-Sonnet,North America,Data Analysis,672,3502,86.94,0.01791,1280.2,99.35,787.2,4854.27,60.3766
Llama-3-70B,South America,Code Generation,1712,19482,77.54,0.00397,1039.1,99.72,929.3,19531.49,114.5292
Gemini-Pro,North America,Data Analysis,99,1299,82.49,0.01276,1024.7,98.35,994.9,6464.73,64.9512
Mistral-7B,North America,Summarization,503,4634,71.88,0.00174,825.8,99.6,1218.8,41310.34,208.596
Claude-3-Sonnet,North America,Code Generation,3574,46473,89.67,0.0191,1522.5,98.66,700.1,4694.76,60.6732
GPT-4,North America,Data Analysis,2573,38949,93.6,0.03726,2845.6,99.75,241.9,2512.08,54.9218
Claude-3-Sonnet,Asia-Pacific,Question Answering,493,2885,86.45,0.01856,1589.5,99.15,614.6,4657.87,59.5146
Claude-3-Opus,Europe,Data Analysis,414,7049,90.18,0.05049,3064.0,98.74,259.6,1786.1,51.097
Gemini-Pro,North America,Code Generation,1226,18174,80.79,0.01334,1511.8,99.26,685.4,6056.22,63.016
GPT-4,North America,Summarization,820,7732,93.77,0.04107,2810.4,98.63,411.8,2283.18,54.2608
Mistral-7B,Europe,Data Analysis,6550,61250,65.64,0.00152,728.3,97.92,1347.5,43184.21,230.463
Gemini-Pro,Asia-Pacific,Summarization,3956,30789,83.48,0.01313,1627.2,99.03,618.0,6357.96,64.7113
GPT-4,Europe,Question Answering,754,7570,89.93,0.05174,3196.4,99.36,240.0,1738.11,50.8258
GPT-3.5-Turbo,North America,Content Creation,355,2264,81.33,0.00858,1283.4,99.32,743.8,9479.02,75.7859
Claude-3-Opus,Asia-Pacific,Code Generation,1162,11411,89.32,0.04548,2599.3,99.97,414.1,1963.94,51.3332
Gemini-Ultra,North America,Chatbot,822,6019,92.96,0.04194,2302.5,99.18,549.6,2216.5,53.7199
Claude-3-Sonnet,South America,Data Analysis,185,2378,87.87,0.02401,1640.7,100.0,661.6,3659.73,56.5517
Llama-3-70B,Asia-Pacific,Translation,5277,58624,86.44,0.00531,1048.3,98.62,971.9,16278.72,99.908
Mistral-7B,Europe,Content Creation,703,12028,84.66,0.00094,721.4,99.89,1391.5,90063.83,361.7562
Gemini-Pro,Europe,Translation,1330,22814,82.52,0.01139,1509.4,98.97,595.5,7244.95,67.7314
Mistral-7B,South America,Code Generation,935,16918,72.54,0.00197,631.9,98.26,1543.9,36822.34,188.8708
Claude-3-Sonnet,Asia-Pacific,Summarization,2853,49014,90.11,0.019,1840.0,98.6,550.3,4742.63,60.9532
Gemini-Ultra,Europe,Data Analysis,3112,55006,88.94,0.03787,2873.4,99.25,379.4,2348.56,52.4614
Gemini-Pro,Asia-Pacific,Summarization,626,6042,82.79,0.01378,1075.6,98.73,933.1,6007.98,63.3516
GPT-4,Asia-Pacific,Code Generation,3420,44758,93.08,0.04983,2928.7,98.59,353.8,1867.95,52.6288
Gemini-Ultra,Asia-Pacific,Translation,246,1012,87.07,0.03733,2661.0,100.0,346.3,2332.44,51.6466
Gemini-Ultra,North America,Summarization,149,2545,90.09,0.03331,2298.4,99.49,432.6,2704.59,54.1383
GPT-4,North America,Data Analysis,305,4691,93.24,0.04762,3220.7,99.37,333.2,1958.0,52.982
Gemini-Ultra,North America,Question Answering,1674,29790,89.75,0.03521,2696.0,98.81,349.7,2548.99,53.4695
Gemini-Ultra,Europe,Code Generation,3552,59025,90.41,0.04173,2600.9,100.0,341.9,2166.55,52.471
Gemini-Pro,Asia-Pacific,Translation,290,3428,79.91,0.01202,913.8,98.78,1221.9,6648.09,65.1323
Claude-3-Opus,Asia-Pacific,Question Answering,2090,29147,91.62,0.0354,2305.2,99.32,370.1,2588.14,54.3713
Claude-3-Sonnet,Europe,Summarization,1834,17529,91.66,0.01201,1605.8,99.27,583.4,7631.97,70.9337
GPT-4,Asia-Pacific,Question Answering,146,2450,95.7,0.03345,2615.4,98.61,432.7,2860.99,56.8951
Claude-3-Opus,Europe,Data Analysis,1833,23009,85.94,0.03773,2805.9,99.26,451.4,2277.76,50.9925
Claude-3-Sonnet,North America,Question Answering,80,649,86.47,0.0161,1634.8,99.26,573.1,5370.81,61.9909
Gemini-Pro,Asia-Pacific,Chatbot,13181,161688,79.3,0.01131,1348.4,98.09,800.7,7011.49,66.3235
Claude-3-Sonnet,Middle East,Question Answering,2069,16524,85.28,0.01677,1870.0,99.26,600.4,5085.27,60.636
GPT-3.5-Turbo,South America,Data Analysis,812,10065,80.99,0.00499,941.6,99.54,1142.0,16230.46,100.8276
Claude-3-Opus,Europe,Code Generation,2629,43636,93.65,0.03759,2985.5,98.85,301.2,2491.35,54.8728
Claude-3-Opus,North America,Data Analysis,311,2473,87.93,0.05214,3138.4,98.72,332.3,1686.42,49.7825
Claude-3-Sonnet,Asia-Pacific,Content Creation,1544,9406,84.39,0.01618,1668.8,99.35,647.6,5215.7,60.8563
GPT-3.5-Turbo,North America,Summarization,1894,27470,83.05,0.00725,692.9,99.54,1495.3,11455.17,83.193
Claude-3-Sonnet,Asia-Pacific,Question Answering,198,2773,85.09,0.01755,1081.0,98.67,992.9,4848.43,59.824
GPT-3.5-Turbo,Europe,Code Generation,3708,56239,79.86,0.00636,1019.5,98.51,836.1,12556.6,87.296
Claude-3-Sonnet,North America,Data Analysis,803,3424,84.6,0.01741,1128.9,99.66,896.8,4859.28,59.7086
Claude-3-Opus,Asia-Pacific,Question Answering,993,14834,92.09,0.03794,2670.9,99.78,317.5,2427.25,54.0271
Claude-3-Sonnet,Asia-Pacific,Data Analysis,627,4047,89.91,0.01923,1372.9,99.47,788.2,4675.51,60.7013
Gemini-Ultra,Asia-Pacific,Chatbot,718,10535,91.13,0.03293,2124.3,99.33,434.5,2767.39,54.7694
Claude-3-Opus,Asia-Pacific,Translation,832,4085,93.14,0.0455,3654.6,98.35,308.0,2047.03,53.2181
Mistral-7B,Europe,Translation,4556,28295,70.72,0.00213,846.2,97.98,1104.7,33201.88,176.4414
GPT-3.5-Turbo,Asia-Pacific,Translation,2160,37131,86.82,0.00453,973.0,98.54,1071.1,19165.56,109.8407
Llama-3-70B,Middle East,Chatbot,555,2937,89.36,0.00516,1006.2,97.95,1022.7,17317.83,103.0183
GPT-3.5-Turbo,Asia-Pacific,Code Generation,1774,21147,81.53,0.00808,1414.7,99.18,673.4,10090.35,78.0351
GPT-4,Europe,Translation,1802,30806,94.88,0.04993,2494.7,99.18,384.2,1900.26,53.5286
Mistral-7B,South America,Code Generation,3487,31555,74.8,0.00139,788.0,100.0,1349.5,53812.95,253.4811
GPT-3.5-Turbo,Asia-Pacific,Summarization,80,1284,83.27,0.00407,1352.2,98.99,640.7,20459.46,115.493
Gemini-Ultra,Asia-Pacific,Code Generation,193,1321,91.17,0.0316,2312.2,99.26,444.5,2885.13,55.1652
GPT-4,North America,Summarization,250,2243,91.83,0.04086,3514.9,98.87,222.0,2247.43,53.314
GPT-4,Europe,Summarization,190,1523,92.67,0.0454,2597.7,99.12,446.4,2041.19,53.0199
Gemini-Ultra,Europe,Question Answering,4616,67299,88.19,0.03779,2557.8,99.02,304.2,2333.69,52.1118
Claude-3-Opus,South America,Content Creation,32836,420554,93.9,0.032,2403.1,98.88,476.9,2934.38,56.4082
Gemini-Ultra,North America,Translation,180,2851,92.02,0.04808,2445.4,99.26,509.6,1913.89,52.3314
Claude-3-Sonnet,North America,Question Answering,2056,29063,89.7,0.01429,1509.7,99.11,630.1,6277.12,65.9762
GPT-3.5-Turbo,Europe,Data Analysis,5359,44273,86.33,0.0127,1273.4,98.95,808.0,6797.64,66.9441
Mistral-7B,Asia-Pacific,Chatbot,334,2621,75.59,0.00145,877.3,98.67,1066.9,52131.03,244.9195
Claude-3-Opus,North America,Translation,676,9401,89.65,0.03876,2748.1,98.73,412.9,2312.95,52.6377
Claude-3-Opus,North America,Chatbot,1509,13908,91.1,0.04062,3421.2,98.67,358.5,2242.74,52.994
GPT-3.5-Turbo,Europe,Code Generation,465,7600,81.04,0.01024,986.9,99.42,1002.7,7914.06,70.0195
Claude-3-Opus,Asia-Pacific,Data Analysis,2813,43686,89.04,0.03037,2238.1,98.64,524.5,2931.84,54.4875
Claude-3-Opus,Asia-Pacific,Summarization,1324,9804,95.87,0.04474,2617.3,99.34,338.6,2142.83,54.7168
GPT-4,Asia-Pacific,Content Creation,3738,36006,92.19,0.04955,2390.8,99.76,411.3,1860.54,52.2331
GPT-3.5-Turbo,Middle East,Question Answering,1960,21486,83.8,0.00697,1271.5,99.49,778.6,12022.96,85.0989
Gemini-Ultra,North America,Chatbot,216,2236,86.13,0.03743,2806.3,97.98,418.1,2301.1,51.1512
Mistral-7B,North America,Translation,467,5754,66.07,0.00169,526.8,98.82,1900.3,39094.67,210.9294
Llama-3-70B,Asia-Pacific,Data Analysis,2556,12685,81.07,0.0059,1073.5,100.0,951.1,13740.68,91.5688
Mistral-7B,Asia-Pacific,Data Analysis,388,4661,68.4,0.00247,704.7,99.43,1402.1,27692.31,155.9413
Gemini-Ultra,Asia-Pacific,Code Generation,284,1371,90.23,0.03857,2642.3,99.05,373.3,2339.38,52.9688
GPT-4,North America,Translation,679,9709,92.58,0.04961,2929.2,98.39,350.6,1866.16,52.4054
Llama-3-70B,South America,Content Creation,523,3144,81.42,0.00349,537.0,99.06,1845.9,23329.51,127.0423
GPT-3.5-Turbo,South America,Question Answering,591,7651,82.82,0.0055,1266.3,99.37,864.1,15058.18,96.1134
GPT-3.5-Turbo,South America,Question Answering,3808,22188,86.03,0.0083,1206.7,98.72,864.1,10365.06,79.3253
Gemini-Ultra,Asia-Pacific,Question Answering,577,10116,90.11,0.04071,2523.2,99.88,299.8,2213.46,52.5035
Claude-3-Sonnet,Asia-Pacific,Translation,535,5435,89.82,0.01747,1519.1,99.08,714.7,5141.39,62.214
GPT-3.5-Turbo,North America,Code Generation,3338,31026,81.63,0.00848,1197.4,99.14,799.9,9626.18,76.3594
Gemini-Ultra,North America,Summarization,2114,20681,93.01,0.02935,2913.5,100.0,345.5,3168.99,56.7951
Claude-3-Opus,Europe,Content Creation,161,2478,89.29,0.04074,2647.9,99.43,380.5,2191.7,52.0843
GPT-4,South America,Question Answering,209,1288,89.26,0.05253,2710.9,98.45,360.5,1699.22,50.4148
